{
"type": "FeatureCollection",
"name": "cached_buildings",
"crs": { "type": "name", "properties": { "name": "urn:ogc:def:crs:OGC:1.3:CRS84" } },
"features": [
{ "type": "Feature", "properties": { "osm_id": 203428970, "name": "Montpelier City Hall" }, "geometry": { "type": "Polygon", "coordinates": [ [ [ -72.5752132, 44.2591877 ], [ -72.575364, 44.259009 ], [ -72.5756554, 44.2591351 ], [ -72.5756748, 44.2591121 ], [ -72.5758224, 44.259176 ], [ -72.5757728, 44.2592348 ], [ -72.5758098, 44.2592507 ], [ -72.5757717, 44.2592959 ], [ -72.5757417, 44.2592829 ], [ -72.5756337, 44.2594108 ], [ -72.5754459, 44.2593295 ], [ -72.5754713, 44.2592994 ], [ -72.5752132, 44.2591877 ] ] ] } },
{ "type": "Feature", "properties": { "osm_id": 203428971, "name": "" }, "geometry": { "type": "Polygon", "coordinates": [ [ [ -72.5760778, 44.2591177 ], [ -72.5757219, 44.2589584 ], [ -72.5758896, 44.2587646 ], [ -72.5762444, 44.2589317 ], [ -72.5760778, 44.2591177 ] ] ] } },
{ "type": "Feature", "properties": { "osm_id": 203428972, "name": "American Legion Hall" }, "geometry": { "type": "Polygon", "coordinates": [ [ [ -72.5762792, 44.2588997 ], [ -72.5761639, 44.2588494 ], [ -72.576173, 44.2588379 ], [ -72.5760531, 44.2587848 ], [ -72.5761257, 44.2587033 ], [ -72.5762471, 44.2587553 ], [ -72.5762563, 44.2587476 ], [ -72.5763693, 44.2587996 ], [ -72.5762792, 44.2588997 ] ] ] } },
{ "type": "Feature", "properties": { "osm_id": 203428974, "name": "" }, "geometry": { "type": "Polygon", "coordinates": [ [ [ -72.5763327, 44.2584869 ], [ -72.576231, 44.2585571 ], [ -72.5761332, 44.2586246 ], [ -72.5760502, 44.2585629 ], [ -72.5762497, 44.2584252 ], [ -72.5763327, 44.2584869 ] ] ] } },
{ "type": "Feature", "properties": { "osm_id": 203428975, "name": "" }, "geometry": { "type": "Polygon", "coordinates": [ [ [ -72.5750942, 44.2588702 ], [ -72.5747648, 44.2587328 ], [ -72.5748234, 44.2586607 ], [ -72.5748024, 44.2586519 ], [ -72.5748656, 44.2585743 ], [ -72.5752138, 44.2587196 ], [ -72.5751803, 44.2587607 ], [ -72.5752099, 44.258773 ], [ -72.575197, 44.2587889 ], [ -72.575178, 44.2588122 ], [ -72.5751506, 44.2588008 ], [ -72.5750942, 44.2588702 ] ] ] } },
{ "type": "Feature", "properties": { "osm_id": 203428976, "name": "Montpelier City Police" }, "geometry": { "type": "Polygon", "coordinates": [ [ [ -72.5748921, 44.259077 ], [ -72.5746886, 44.2589874 ], [ -72.5747918, 44.258867 ], [ -72.5749954, 44.2589566 ], [ -72.5748921, 44.259077 ] ] ] } },
{ "type": "Feature", "properties": { "osm_id": 243603509, "name": "" }, "geometry": { "type": "Polygon", "coordinates": [ [ [ -72.5768024, 44.2555796 ], [ -72.5767771, 44.2555948 ], [ -72.5767887, 44.2556166 ], [ -72.5766777, 44.2556856 ], [ -72.576591, 44.2556141 ], [ -72.5767, 44.2555463 ], [ -72.576728, 44.2555564 ], [ -72.5767654, 44.255548 ], [ -72.5768024, 44.2555796 ] ] ] } },
{ "type": "Feature", "properties": { "osm_id": 243603511, "name": "Montpelier Auto Clinic" }, "geometry": { "type": "Polygon", "coordinates": [ [ [ -72.5757354, 44.2554675 ], [ -72.5755216, 44.255503 ], [ -72.5754944, 44.2554188 ], [ -72.5755441, 44.2554106 ], [ -72.5755365, 44.2553871 ], [ -72.575621, 44.2553731 ], [ -72.5756262, 44.2553893 ], [ -72.5757059, 44.255376 ], [ -72.5757354, 44.2554675 ] ] ] } },
{ "type": "Feature", "properties": { "osm_id": 243603512, "name": "Dunkin'" }, "geometry": { "type": "Polygon", "coordinates": [ [ [ -72.5762073, 44.2558036 ], [ -72.5760693, 44.2558839 ], [ -72.5759203, 44.2557644 ], [ -72.576059, 44.255682 ], [ -72.5762073, 44.2558036 ] ] ] } },
{ "type": "Feature", "properties": { "osm_id": 243603513, "name": "" }, "geometry": { "type": "Polygon", "coordinates": [ [ [ -72.5769181, 44.2561948 ], [ -72.5769661, 44.2562249 ], [ -72.5769033, 44.2562763 ], [ -72.5767457, 44.2561777 ], [ -72.5768266, 44.2561114 ], [ -72.5769362, 44.25618 ], [ -72.5769181, 44.2561948 ] ] ] } },
{ "type": "Feature", "properties": { "osm_id": 243603514, "name": "" }, "geometry": { "type": "Polygon", "coordinates": [ [ [ -72.5763798, 44.255968 ], [ -72.5761865, 44.2560773 ], [ -72.5760764, 44.2559774 ], [ -72.5762697, 44.2558681 ], [ -72.5763798, 44.255968 ] ] ] } },
{ "type": "Feature", "properties": { "osm_id": 243603515, "name": "" }, "geometry": { "type": "Polygon", "coordinates": [ [ [ -72.5765929, 44.2561619 ], [ -72.5763894, 44.2562798 ], [ -72.5762809, 44.2561837 ], [ -72.5764844, 44.2560659 ], [ -72.5765929, 44.2561619 ] ] ] } },
{ "type": "Feature", "properties": { "osm_id": 243603517, "name": "" }, "geometry": { "type": "Polygon", "coordinates": [ [ [ -72.5769623, 44.2564403 ], [ -72.5767482, 44.2565744 ], [ -72.5766603, 44.2565024 ], [ -72.5767678, 44.256435 ], [ -72.5768003, 44.2564616 ], [ -72.5769069, 44.2563949 ], [ -72.5769623, 44.2564403 ] ] ] } },
{ "type": "Feature", "properties": { "osm_id": 243603519, "name": "Domino's" }, "geometry": { "type": "Polygon", "coordinates": [ [ [ -72.577196, 44.2565623 ], [ -72.5770968, 44.2566194 ], [ -72.5770741, 44.256598 ], [ -72.5770535, 44.2566089 ], [ -72.5770345, 44.25659 ], [ -72.5769947, 44.2566134 ], [ -72.576916, 44.2565436 ], [ -72.5770734, 44.2564488 ], [ -72.577196, 44.2565623 ] ] ] } },
{ "type": "Feature", "properties": { "osm_id": 243603520, "name": "" }, "geometry": { "type": "Polygon", "coordinates": [ [ [ -72.5774612, 44.2564747 ], [ -72.577373, 44.2565474 ], [ -72.5773228, 44.2565162 ], [ -72.5772715, 44.2565585 ], [ -72.5772089, 44.2565196 ], [ -72.5773484, 44.2564046 ], [ -72.5774612, 44.2564747 ] ] ] } },
{ "type": "Feature", "properties": { "osm_id": 243605767, "name": "" }, "geometry": { "type": "Polygon", "coordinates": [ [ [ -72.5770243, 44.2556008 ], [ -72.5771692, 44.2556076 ], [ -72.5771621, 44.2556854 ], [ -72.5770172, 44.2556786 ], [ -72.5770243, 44.2556008 ] ] ] } },
{ "type": "Feature", "properties": { "osm_id": 243605768, "name": "" }, "geometry": { "type": "Polygon", "coordinates": [ [ [ -72.5772477, 44.2558603 ], [ -72.5771297, 44.2559577 ], [ -72.5770172, 44.2558877 ], [ -72.5771352, 44.2557904 ], [ -72.5772477, 44.2558603 ] ] ] } },
{ "type": "Feature", "properties": { "osm_id": 243605769, "name": "" }, "geometry": { "type": "Polygon", "coordinates": [ [ [ -72.57739, 44.2560679 ], [ -72.5773109, 44.2561648 ], [ -72.5772222, 44.2561276 ], [ -72.5773013, 44.2560307 ], [ -72.57739, 44.2560679 ] ] ] } },
{ "type": "Feature", "properties": { "osm_id": 243605770, "name": "" }, "geometry": { "type": "Polygon", "coordinates": [ [ [ -72.5782594, 44.2561414 ], [ -72.5781841, 44.2562115 ], [ -72.5781482, 44.2561838 ], [ -72.57811, 44.2562194 ], [ -72.5780604, 44.2561921 ], [ -72.5778826, 44.2563573 ], [ -72.5778422, 44.2563351 ], [ -72.5778202, 44.2563555 ], [ -72.577642, 44.2562572 ], [ -72.5779501, 44.2559707 ], [ -72.5782594, 44.2561414 ] ] ] } },
{ "type": "Feature", "properties": { "osm_id": 243605771, "name": "" }, "geometry": { "type": "Polygon", "coordinates": [ [ [ -72.5785046, 44.2563093 ], [ -72.578439, 44.2564125 ], [ -72.5784621, 44.2564201 ], [ -72.5783978, 44.2565212 ], [ -72.5783786, 44.2565149 ], [ -72.5783279, 44.2565946 ], [ -72.5781765, 44.2565452 ], [ -72.5782253, 44.2564685 ], [ -72.5781812, 44.2564349 ], [ -72.578217, 44.2563786 ], [ -72.578245, 44.2563877 ], [ -72.5782665, 44.2563539 ], [ -72.578317, 44.2563703 ], [ -72.5783813, 44.2562691 ], [ -72.5785046, 44.2563093 ] ] ] } },
{ "type": "Feature", "properties": { "osm_id": 243605772, "name": "" }, "geometry": { "type": "Polygon", "coordinates": [ [ [ -72.5782701, 44.2568501 ], [ -72.5781457, 44.2569923 ], [ -72.5778053, 44.2568395 ], [ -72.5779297, 44.2566973 ], [ -72.5782701, 44.2568501 ] ] ] } },
{ "type": "Feature", "properties": { "osm_id": 243605773, "name": "" }, "geometry": { "type": "Polygon", "coordinates": [ [ [ -72.5776759, 44.2567542 ], [ -72.5775556, 44.2568404 ], [ -72.5773446, 44.2567182 ], [ -72.5774135, 44.2566572 ], [ -72.5775496, 44.256737 ], [ -72.5775955, 44.2567047 ], [ -72.5776759, 44.2567542 ] ] ] } },
{ "type": "Feature", "properties": { "osm_id": 243605774, "name": "" }, "geometry": { "type": "Polygon", "coordinates": [ [ [ -72.5775713, 44.2570315 ], [ -72.5775233, 44.2570748 ], [ -72.5774367, 44.2570256 ], [ -72.5774847, 44.2569823 ], [ -72.5775713, 44.2570315 ] ] ] } },
{ "type": "Feature", "properties": { "osm_id": 243605775, "name": "Parkers Quick Stop" }, "geometry": { "type": "Polygon", "coordinates": [ [ [ -72.5774662, 44.2569672 ], [ -72.5773667, 44.2570341 ], [ -72.5772753, 44.2569645 ], [ -72.5772036, 44.2569084 ], [ -72.5773029, 44.2568429 ], [ -72.5774662, 44.2569672 ] ] ] } },
{ "type": "Feature", "properties": { "osm_id": 244112504, "name": "" }, "geometry": { "type": "Polygon", "coordinates": [ [ [ -72.5804023, 44.2570191 ], [ -72.5804836, 44.2567721 ], [ -72.5812259, 44.2568975 ], [ -72.5811438, 44.2571467 ], [ -72.5810608, 44.2571326 ], [ -72.5810459, 44.2571779 ], [ -72.5809384, 44.2571597 ], [ -72.580954, 44.2571123 ], [ -72.5804023, 44.2570191 ] ] ] } },
{ "type": "Feature", "properties": { "osm_id": 244112557, "name": "" }, "geometry": { "type": "Polygon", "coordinates": [ [ [ -72.5791047, 44.2555086 ], [ -72.5789288, 44.2557414 ], [ -72.5788519, 44.2557116 ], [ -72.5788729, 44.2556838 ], [ -72.5788318, 44.2556679 ], [ -72.578897, 44.2555816 ], [ -72.5789489, 44.2555912 ], [ -72.5790325, 44.2554806 ], [ -72.5791047, 44.2555086 ] ] ] } },
{ "type": "Feature", "properties": { "osm_id": 244112558, "name": "" }, "geometry": { "type": "Polygon", "coordinates": [ [ [ -72.579061, 44.255988 ], [ -72.5790144, 44.2559766 ], [ -72.578984, 44.2560406 ], [ -72.5789137, 44.2560235 ], [ -72.5789634, 44.255919 ], [ -72.5790803, 44.2559476 ], [ -72.579061, 44.255988 ] ] ] } },
{ "type": "Feature", "properties": { "osm_id": 244112559, "name": "" }, "geometry": { "type": "Polygon", "coordinates": [ [ [ -72.5789566, 44.2565606 ], [ -72.5790185, 44.2564439 ], [ -72.5788769, 44.2564054 ], [ -72.5788183, 44.2564785 ], [ -72.5788552, 44.2564857 ], [ -72.5788552, 44.2565001 ], [ -72.5788902, 44.2565096 ], [ -72.5789016, 44.2564881 ], [ -72.5789391, 44.2564983 ], [ -72.5789124, 44.2565486 ], [ -72.5789566, 44.2565606 ] ] ] } },
{ "type": "Feature", "properties": { "osm_id": 244112560, "name": "" }, "geometry": { "type": "Polygon", "coordinates": [ [ [ -72.5786588, 44.2569099 ], [ -72.578603, 44.256978 ], [ -72.578558, 44.256959 ], [ -72.5785454, 44.2569744 ], [ -72.5784897, 44.256951 ], [ -72.5785047, 44.2569327 ], [ -72.5784567, 44.2569126 ], [ -72.5784969, 44.2568418 ], [ -72.5786588, 44.2569099 ] ] ] } },
{ "type": "Feature", "properties": { "osm_id": 244112561, "name": "" }, "geometry": { "type": "Polygon", "coordinates": [ [ [ -72.578479, 44.2571012 ], [ -72.5785256, 44.2570387 ], [ -72.5784475, 44.2570089 ], [ -72.5784379, 44.257014 ], [ -72.5783947, 44.2569975 ], [ -72.5783532, 44.2570532 ], [ -72.578479, 44.2571012 ] ] ] } },
{ "type": "Feature", "properties": { "osm_id": 244112562, "name": "" }, "geometry": { "type": "Polygon", "coordinates": [ [ [ -72.5782569, 44.2571541 ], [ -72.5782711, 44.2571301 ], [ -72.5782951, 44.2571335 ], [ -72.5783179, 44.2570937 ], [ -72.5784597, 44.2571355 ], [ -72.5784199, 44.2572049 ], [ -72.5784343, 44.2572117 ], [ -72.5783987, 44.2572721 ], [ -72.5783033, 44.2572432 ], [ -72.5783409, 44.2571795 ], [ -72.5782569, 44.2571541 ] ] ] } },
{ "type": "Feature", "properties": { "osm_id": 244112563, "name": "" }, "geometry": { "type": "Polygon", "coordinates": [ [ [ -72.5783183, 44.2573533 ], [ -72.5782792, 44.2574097 ], [ -72.5782386, 44.2573953 ], [ -72.5782166, 44.2574271 ], [ -72.5781088, 44.2573888 ], [ -72.5781698, 44.2573006 ], [ -72.5783183, 44.2573533 ] ] ] } },
{ "type": "Feature", "properties": { "osm_id": 244112564, "name": "" }, "geometry": { "type": "Polygon", "coordinates": [ [ [ -72.5788824, 44.2563952 ], [ -72.5789369, 44.2562789 ], [ -72.5788355, 44.2562545 ], [ -72.5787809, 44.2563707 ], [ -72.5788824, 44.2563952 ] ] ] } },
{ "type": "Feature", "properties": { "osm_id": 244468085, "name": "Shell" }, "geometry": { "type": "Polygon", "coordinates": [ [ [ -72.5784369, 44.2586272 ], [ -72.5785742, 44.2585382 ], [ -72.5786841, 44.2586252 ], [ -72.5785468, 44.2587142 ], [ -72.5784369, 44.2586272 ] ] ] } },
{ "type": "Feature", "properties": { "osm_id": 244468086, "name": "" }, "geometry": { "type": "Polygon", "coordinates": [ [ [ -72.5785719, 44.2587654 ], [ -72.5786094, 44.2588336 ], [ -72.5786661, 44.2588559 ], [ -72.5787235, 44.2589406 ], [ -72.5788164, 44.2589148 ], [ -72.5788412, 44.2588864 ], [ -72.5788654, 44.2588813 ], [ -72.5788349, 44.2588238 ], [ -72.5786196, 44.2587518 ], [ -72.5785719, 44.2587654 ] ] ] } },
{ "type": "Feature", "properties": { "osm_id": 244468087, "name": "" }, "geometry": { "type": "Polygon", "coordinates": [ [ [ -72.5788288, 44.2589688 ], [ -72.5789437, 44.2588965 ], [ -72.5790431, 44.2589776 ], [ -72.5791509, 44.2590655 ], [ -72.5790361, 44.2591377 ], [ -72.5789334, 44.259054 ], [ -72.5788288, 44.2589688 ] ] ] } },
{ "type": "Feature", "properties": { "osm_id": 244468088, "name": "" }, "geometry": { "type": "Polygon", "coordinates": [ [ [ -72.5793492, 44.2592373 ], [ -72.5794122, 44.2591645 ], [ -72.5796317, 44.2592577 ], [ -72.5795748, 44.2593319 ], [ -72.5793492, 44.2592373 ] ] ] } },
{ "type": "Feature", "properties": { "osm_id": 244468089, "name": "Sunoco" }, "geometry": { "type": "Polygon", "coordinates": [ [ [ -72.5796775, 44.2592605 ], [ -72.5795591, 44.2592114 ], [ -72.5795959, 44.2591658 ], [ -72.5797143, 44.259215 ], [ -72.5796775, 44.2592605 ] ] ] } },
{ "type": "Feature", "properties": { "osm_id": 247964393, "name": "" }, "geometry": { "type": "Polygon", "coordinates": [ [ [ -72.5796149, 44.2617478 ], [ -72.5796301, 44.2617282 ], [ -72.5795784, 44.2617169 ], [ -72.5796454, 44.2615595 ], [ -72.579741, 44.2615804 ], [ -72.5797552, 44.261547 ], [ -72.579867, 44.2615715 ], [ -72.5798536, 44.2616028 ], [ -72.5799733, 44.2616291 ], [ -72.5799084, 44.2617808 ], [ -72.5798617, 44.2617706 ], [ -72.5797654, 44.2619951 ], [ -72.5795295, 44.2619432 ], [ -72.5795696, 44.2618496 ], [ -72.5796149, 44.2617478 ] ] ] } },
{ "type": "Feature", "properties": { "osm_id": 247964396, "name": "" }, "geometry": { "type": "Polygon", "coordinates": [ [ [ -72.5791361, 44.2616344 ], [ -72.5793029, 44.2612609 ], [ -72.5792886, 44.2612609 ], [ -72.5793591, 44.26111 ], [ -72.5797032, 44.2611925 ], [ -72.5794489, 44.261737 ], [ -72.579464, 44.2617406 ], [ -72.5794761, 44.2617146 ], [ -72.5796149, 44.2617478 ], [ -72.5795696, 44.2618496 ], [ -72.5795, 44.261833 ], [ -72.5794228, 44.2618607 ], [ -72.5794141, 44.2618819 ], [ -72.579313, 44.2618607 ], [ -72.5791992, 44.2619058 ], [ -72.5790683, 44.2618747 ], [ -72.5791565, 44.2616846 ], [ -72.5792154, 44.261686 ], [ -72.579229, 44.2616556 ], [ -72.5791361, 44.2616344 ] ] ] } },
{ "type": "Feature", "properties": { "osm_id": 247964402, "name": "Vermont Department of Motor Vehicles" }, "geometry": { "type": "Polygon", "coordinates": [ [ [ -72.581415, 44.2612484 ], [ -72.581452, 44.2611615 ], [ -72.5814905, 44.2610712 ], [ -72.5812417, 44.2610169 ], [ -72.5812489, 44.261 ], [ -72.5810038, 44.2609465 ], [ -72.5809972, 44.2609619 ], [ -72.5807881, 44.2609162 ], [ -72.5807518, 44.2610016 ], [ -72.5807121, 44.261095 ], [ -72.5810579, 44.2611705 ], [ -72.581415, 44.2612484 ] ] ] } },
{ "type": "Feature", "properties": { "osm_id": 247964405, "name": "" }, "geometry": { "type": "Polygon", "coordinates": [ [ [ -72.5805186, 44.260857 ], [ -72.5802776, 44.2608088 ], [ -72.5802003, 44.2610073 ], [ -72.5804305, 44.2610533 ], [ -72.5804351, 44.2610414 ], [ -72.5804609, 44.2610466 ], [ -72.5805127, 44.2609132 ], [ -72.5805019, 44.2608999 ], [ -72.5805186, 44.260857 ] ] ] } },
{ "type": "Feature", "properties": { "osm_id": 247964409, "name": "M&T Bank" }, "geometry": { "type": "Polygon", "coordinates": [ [ [ -72.5800503, 44.2609789 ], [ -72.5801764, 44.2607108 ], [ -72.5798881, 44.2606419 ], [ -72.5797688, 44.2609133 ], [ -72.5800503, 44.2609789 ] ] ] } },
{ "type": "Feature", "properties": { "osm_id": 247964412, "name": "Employee & Labor Relations;Department of Human Resources" }, "geometry": { "type": "Polygon", "coordinates": [ [ [ -72.579744, 44.2609092 ], [ -72.5798152, 44.2607549 ], [ -72.5795954, 44.2607028 ], [ -72.5795242, 44.2608571 ], [ -72.579744, 44.2609092 ] ] ] } },
{ "type": "Feature", "properties": { "osm_id": 263908985, "name": "" }, "geometry": { "type": "Polygon", "coordinates": [ [ [ -72.575357, 44.2620628 ], [ -72.5753407, 44.2620124 ], [ -72.5753592, 44.2620093 ], [ -72.5753485, 44.261976 ], [ -72.5754562, 44.2619583 ], [ -72.5754639, 44.261982 ], [ -72.5754877, 44.2619781 ], [ -72.5754923, 44.2619923 ], [ -72.5754826, 44.2619938 ], [ -72.5755034, 44.2620583 ], [ -72.5754864, 44.2620612 ], [ -72.575491, 44.2620755 ], [ -72.5753987, 44.2620909 ], [ -72.5753881, 44.2620576 ], [ -72.575357, 44.2620628 ] ] ] } },
{ "type": "Feature", "properties": { "osm_id": 263908986, "name": "" }, "geometry": { "type": "Polygon", "coordinates": [ [ [ -72.5758051, 44.2619744 ], [ -72.5757751, 44.2619741 ], [ -72.5757785, 44.2619615 ], [ -72.5756769, 44.2619613 ], [ -72.5756727, 44.2619956 ], [ -72.5756564, 44.2619953 ], [ -72.5756496, 44.2620655 ], [ -72.5756716, 44.2620663 ], [ -72.5756587, 44.262157 ], [ -72.5757705, 44.2621622 ], [ -72.5758362, 44.2621561 ], [ -72.5758378, 44.2620895 ], [ -72.5757919, 44.262089 ], [ -72.5758051, 44.2619744 ] ] ] } },
{ "type": "Feature", "properties": { "osm_id": 263908987, "name": "" }, "geometry": { "type": "Polygon", "coordinates": [ [ [ -72.5756094, 44.2616612 ], [ -72.57582, 44.2617284 ], [ -72.5758589, 44.2616954 ], [ -72.5757209, 44.2615902 ], [ -72.5756094, 44.2616612 ] ] ] } },
{ "type": "Feature", "properties": { "osm_id": 263908988, "name": "" }, "geometry": { "type": "Polygon", "coordinates": [ [ [ -72.5761332, 44.2617664 ], [ -72.5761615, 44.2616676 ], [ -72.5762571, 44.2616853 ], [ -72.5762341, 44.2617816 ], [ -72.5761332, 44.2617664 ] ] ] } },
{ "type": "Feature", "properties": { "osm_id": 263908989, "name": "" }, "geometry": { "type": "Polygon", "coordinates": [ [ [ -72.576277, 44.2617724 ], [ -72.5762877, 44.2616946 ], [ -72.5764795, 44.261709 ], [ -72.5764983, 44.2616466 ], [ -72.5765613, 44.2616581 ], [ -72.5765211, 44.2618233 ], [ -72.5763736, 44.2618079 ], [ -72.5763668, 44.2617858 ], [ -72.576277, 44.2617724 ] ] ] } },
{ "type": "Feature", "properties": { "osm_id": 263908990, "name": "" }, "geometry": { "type": "Polygon", "coordinates": [ [ [ -72.576623, 44.2618185 ], [ -72.5766377, 44.2617167 ], [ -72.5766659, 44.2617215 ], [ -72.5766713, 44.2616975 ], [ -72.5767571, 44.2617071 ], [ -72.5767437, 44.2618348 ], [ -72.576623, 44.2618185 ] ] ] } },
{ "type": "Feature", "properties": { "osm_id": 263908991, "name": "" }, "geometry": { "type": "Polygon", "coordinates": [ [ [ -72.5767745, 44.2618262 ], [ -72.576796, 44.2616879 ], [ -72.5768993, 44.2617023 ], [ -72.5768724, 44.2618435 ], [ -72.5767745, 44.2618262 ] ] ] } },
{ "type": "Feature", "properties": { "osm_id": 263908994, "name": "" }, "geometry": { "type": "Polygon", "coordinates": [ [ [ -72.5760253, 44.2621619 ], [ -72.5760462, 44.2619015 ], [ -72.5762543, 44.26191 ], [ -72.5762491, 44.2619745 ], [ -72.5762782, 44.2619757 ], [ -72.576271, 44.2620648 ], [ -72.5762356, 44.2620633 ], [ -72.576227, 44.2621702 ], [ -72.5760253, 44.2621619 ] ] ] } },
{ "type": "Feature", "properties": { "osm_id": 263956308, "name": "" }, "geometry": { "type": "Polygon", "coordinates": [ [ [ -72.5789666, 44.2614577 ], [ -72.5790116, 44.2613616 ], [ -72.5788399, 44.2613203 ], [ -72.5787948, 44.2614164 ], [ -72.5789666, 44.2614577 ] ] ] } },
{ "type": "Feature", "properties": { "osm_id": 263956310, "name": "" }, "geometry": { "type": "Polygon", "coordinates": [ [ [ -72.5788828, 44.2611013 ], [ -72.5789164, 44.261032 ], [ -72.5787349, 44.2609868 ], [ -72.5787022, 44.2610542 ], [ -72.5787408, 44.2610638 ], [ -72.5787032, 44.2611413 ], [ -72.5788117, 44.2611683 ], [ -72.5788484, 44.2610928 ], [ -72.5788828, 44.2611013 ] ] ] } },
{ "type": "Feature", "properties": { "osm_id": 263956311, "name": "" }, "geometry": { "type": "Polygon", "coordinates": [ [ [ -72.5786296, 44.2610612 ], [ -72.5786733, 44.2609545 ], [ -72.5785587, 44.260929 ], [ -72.5785133, 44.2610336 ], [ -72.5786296, 44.2610612 ] ] ] } },
{ "type": "Feature", "properties": { "osm_id": 263956312, "name": "" }, "geometry": { "type": "Polygon", "coordinates": [ [ [ -72.5785342, 44.261269 ], [ -72.5784211, 44.2612452 ], [ -72.5783982, 44.2613011 ], [ -72.5781131, 44.2612412 ], [ -72.5782662, 44.2608677 ], [ -72.5785513, 44.2609276 ], [ -72.578507, 44.2610359 ], [ -72.578493, 44.26107 ], [ -72.578606, 44.2610938 ], [ -72.5785342, 44.261269 ] ] ] } },
{ "type": "Feature", "properties": { "osm_id": 263956313, "name": "" }, "geometry": { "type": "Polygon", "coordinates": [ [ [ -72.5780231, 44.2608385 ], [ -72.5782185, 44.2608832 ], [ -72.5780546, 44.2612504 ], [ -72.5784136, 44.2613326 ], [ -72.5783422, 44.2614926 ], [ -72.5779711, 44.2614077 ], [ -72.5779624, 44.2614271 ], [ -72.5777791, 44.2613851 ], [ -72.5780231, 44.2608385 ] ] ] } },
{ "type": "Feature", "properties": { "osm_id": 263956314, "name": "Federal Building" }, "geometry": { "type": "Polygon", "coordinates": [ [ [ -72.5775311, 44.2607272 ], [ -72.577949, 44.2608226 ], [ -72.5778043, 44.2611336 ], [ -72.5777646, 44.2611236 ], [ -72.5776735, 44.2612958 ], [ -72.5773606, 44.2612206 ], [ -72.5773816, 44.261157 ], [ -72.5773373, 44.2611453 ], [ -72.5775311, 44.2607272 ] ] ] } },
{ "type": "Feature", "properties": { "osm_id": 263956315, "name": "" }, "geometry": { "type": "Polygon", "coordinates": [ [ [ -72.5772865, 44.2610261 ], [ -72.5774164, 44.2607314 ], [ -72.5772149, 44.2606858 ], [ -72.577085, 44.2609806 ], [ -72.5772865, 44.2610261 ] ] ] } },
{ "type": "Feature", "properties": { "osm_id": 264034364, "name": "Capitol Plaza" }, "geometry": { "type": "Polygon", "coordinates": [ [ [ -72.579104, 44.2607883 ], [ -72.5787049, 44.2606969 ], [ -72.5786916, 44.2607253 ], [ -72.5783503, 44.2606464 ], [ -72.5781178, 44.2605931 ], [ -72.5781925, 44.2604258 ], [ -72.5785001, 44.2604974 ], [ -72.5786625, 44.2605349 ], [ -72.5786724, 44.2605372 ], [ -72.5787324, 44.2604024 ], [ -72.5789404, 44.2604499 ], [ -72.5789616, 44.2604023 ], [ -72.5789611, 44.2603938 ], [ -72.5790737, 44.2604226 ], [ -72.5790925, 44.2604082 ], [ -72.5791049, 44.2604112 ], [ -72.5791627, 44.2604244 ], [ -72.579168, 44.2604127 ], [ -72.5792621, 44.2604343 ], [ -72.5792513, 44.2604585 ], [ -72.5791773, 44.2606243 ], [ -72.5791442, 44.2606983 ], [ -72.579104, 44.2607883 ] ] ] } },
{ "type": "Feature", "properties": { "osm_id": 264034369, "name": "Christ Episcopal Church" }, "geometry": { "type": "Polygon", "coordinates": [ [ [ -72.577679, 44.2601182 ], [ -72.5778331, 44.2601567 ], [ -72.5777257, 44.2604109 ], [ -72.5775773, 44.2603739 ], [ -72.5776422, 44.2602252 ], [ -72.5774642, 44.26016 ], [ -72.5775622, 44.2599343 ], [ -72.577749, 44.2599727 ], [ -72.577679, 44.2601182 ] ] ] } },
{ "type": "Feature", "properties": { "osm_id": 264034371, "name": "Champlain Farms Capital Deli" }, "geometry": { "type": "Polygon", "coordinates": [ [ [ -72.5794545, 44.260508 ], [ -72.5793435, 44.2607519 ], [ -72.5791442, 44.2606983 ], [ -72.5791773, 44.2606243 ], [ -72.5792513, 44.2604585 ], [ -72.5794545, 44.260508 ] ] ] } },
{ "type": "Feature", "properties": { "osm_id": 264034374, "name": "" }, "geometry": { "type": "Polygon", "coordinates": [ [ [ -72.5773367, 44.2599553 ], [ -72.577192, 44.2599119 ], [ -72.5773274, 44.2596878 ], [ -72.5774745, 44.2597379 ], [ -72.5773367, 44.2599553 ] ] ] } },
{ "type": "Feature", "properties": { "osm_id": 264034376, "name": "" }, "geometry": { "type": "Polygon", "coordinates": [ [ [ -72.5770999, 44.2603509 ], [ -72.5769459, 44.260323 ], [ -72.5769972, 44.2601696 ], [ -72.5770255, 44.2601785 ], [ -72.5770432, 44.2601253 ], [ -72.5771618, 44.2601506 ], [ -72.577137, 44.2602026 ], [ -72.5771583, 44.2602051 ], [ -72.5770999, 44.2603509 ] ] ] } },
{ "type": "Feature", "properties": { "osm_id": 264034379, "name": "" }, "geometry": { "type": "Polygon", "coordinates": [ [ [ -72.5769402, 44.2603398 ], [ -72.5769459, 44.260323 ], [ -72.5769349, 44.2603196 ], [ -72.5769697, 44.2602245 ], [ -72.5769416, 44.2602111 ], [ -72.5769751, 44.2601477 ], [ -72.5769952, 44.2601496 ], [ -72.5771159, 44.2599767 ], [ -72.5769697, 44.2599316 ], [ -72.5767954, 44.2601813 ], [ -72.5767766, 44.2602082 ], [ -72.5767967, 44.260214 ], [ -72.5767632, 44.2603033 ], [ -72.5769402, 44.2603398 ] ] ] } },
{ "type": "Feature", "properties": { "osm_id": 264034381, "name": "" }, "geometry": { "type": "Polygon", "coordinates": [ [ [ -72.576505, 44.2605959 ], [ -72.5765737, 44.260477 ], [ -72.5768743, 44.260549 ], [ -72.5768062, 44.2606737 ], [ -72.576505, 44.2605959 ] ] ] } },
{ "type": "Feature", "properties": { "osm_id": 264183093, "name": "Sunoco" }, "geometry": { "type": "Polygon", "coordinates": [ [ [ -72.5791922, 44.2608168 ], [ -72.5792002, 44.2607981 ], [ -72.5793002, 44.2608202 ], [ -72.5792922, 44.2608388 ], [ -72.5791922, 44.2608168 ] ] ] } },
{ "type": "Feature", "properties": { "osm_id": 264183095, "name": "" }, "geometry": { "type": "Polygon", "coordinates": [ [ [ -72.5771555, 44.261166 ], [ -72.5770939, 44.2613072 ], [ -72.5769367, 44.2612719 ], [ -72.5769583, 44.2612189 ], [ -72.5769275, 44.2612057 ], [ -72.5769337, 44.2611748 ], [ -72.5768503, 44.2611602 ], [ -72.5768299, 44.2611296 ], [ -72.5768706, 44.2611121 ], [ -72.5768828, 44.261067 ], [ -72.576958, 44.2610743 ], [ -72.576956, 44.2610918 ], [ -72.5769987, 44.2611005 ], [ -72.5770027, 44.2611311 ], [ -72.5771555, 44.261166 ] ] ] } },
{ "type": "Feature", "properties": { "osm_id": 264183097, "name": "" }, "geometry": { "type": "Polygon", "coordinates": [ [ [ -72.576323, 44.2610028 ], [ -72.5761774, 44.2611007 ], [ -72.5760948, 44.2610378 ], [ -72.5762403, 44.2609398 ], [ -72.576323, 44.2610028 ] ] ] } },
{ "type": "Feature", "properties": { "osm_id": 264183098, "name": "" }, "geometry": { "type": "Polygon", "coordinates": [ [ [ -72.5765808, 44.2612804 ], [ -72.5763826, 44.2614195 ], [ -72.5762243, 44.2613038 ], [ -72.5764225, 44.2611647 ], [ -72.5765808, 44.2612804 ] ] ] } },
{ "type": "Feature", "properties": { "osm_id": 264183099, "name": "" }, "geometry": { "type": "Polygon", "coordinates": [ [ [ -72.5765729, 44.2615181 ], [ -72.5765849, 44.2614389 ], [ -72.5763726, 44.2614224 ], [ -72.5763606, 44.2615016 ], [ -72.5765729, 44.2615181 ] ] ] } },
{ "type": "Feature", "properties": { "osm_id": 264183100, "name": "" }, "geometry": { "type": "Polygon", "coordinates": [ [ [ -72.5763812, 44.2615328 ], [ -72.5763357, 44.2614851 ], [ -72.5762575, 44.2615227 ], [ -72.5762668, 44.2615303 ], [ -72.5762481, 44.2615386 ], [ -72.5761769, 44.2614809 ], [ -72.5761944, 44.2614675 ], [ -72.5760893, 44.261368 ], [ -72.5758231, 44.2615035 ], [ -72.5759212, 44.2615896 ], [ -72.5760333, 44.2617451 ], [ -72.5762224, 44.2616214 ], [ -72.5762119, 44.2616055 ], [ -72.5762446, 44.2615871 ], [ -72.5762656, 44.2616055 ], [ -72.5763812, 44.2615328 ] ] ] } },
{ "type": "Feature", "properties": { "osm_id": 264183101, "name": "" }, "geometry": { "type": "Polygon", "coordinates": [ [ [ -72.5760375, 44.2612007 ], [ -72.5759079, 44.2612774 ], [ -72.5758195, 44.2612094 ], [ -72.5759459, 44.2611318 ], [ -72.5760375, 44.2612007 ] ] ] } },
{ "type": "Feature", "properties": { "osm_id": 264183102, "name": "" }, "geometry": { "type": "Polygon", "coordinates": [ [ [ -72.5757889, 44.261362 ], [ -72.5756996, 44.2612925 ], [ -72.5755517, 44.2613808 ], [ -72.575641, 44.2614481 ], [ -72.5757889, 44.261362 ] ] ] } },
{ "type": "Feature", "properties": { "osm_id": 264183103, "name": "" }, "geometry": { "type": "Polygon", "coordinates": [ [ [ -72.5756242, 44.2614684 ], [ -72.5754633, 44.2615568 ], [ -72.5753257, 44.2614846 ], [ -72.5755302, 44.261389 ], [ -72.5756242, 44.2614684 ] ] ] } },
{ "type": "Feature", "properties": { "osm_id": 265148704, "name": "" }, "geometry": { "type": "Polygon", "coordinates": [ [ [ -72.5751219, 44.2617729 ], [ -72.5750483, 44.2617207 ], [ -72.5750277, 44.2617062 ], [ -72.5752021, 44.26158 ], [ -72.5752963, 44.2616468 ], [ -72.5751219, 44.2617729 ] ] ] } },
{ "type": "Feature", "properties": { "osm_id": 265148705, "name": "" }, "geometry": { "type": "Polygon", "coordinates": [ [ [ -72.5747451, 44.2620473 ], [ -72.5746533, 44.2619774 ], [ -72.5750483, 44.2617207 ], [ -72.5751219, 44.2617729 ], [ -72.5751337, 44.2617817 ], [ -72.5747451, 44.2620473 ] ] ] } },
{ "type": "Feature", "properties": { "osm_id": 265148706, "name": "" }, "geometry": { "type": "Polygon", "coordinates": [ [ [ -72.5746533, 44.2619774 ], [ -72.574415, 44.2621379 ], [ -72.5745068, 44.2622078 ], [ -72.5747451, 44.2620473 ], [ -72.5746533, 44.2619774 ] ] ] } },
{ "type": "Feature", "properties": { "osm_id": 323729026, "name": "" }, "geometry": { "type": "Polygon", "coordinates": [ [ [ -72.5717425, 44.2596276 ], [ -72.5714749, 44.2599282 ], [ -72.5714414, 44.2599155 ], [ -72.5714002, 44.25996 ], [ -72.571288, 44.2599111 ], [ -72.5712461, 44.2599508 ], [ -72.5707132, 44.2597188 ], [ -72.5707498, 44.259675 ], [ -72.5706442, 44.2596268 ], [ -72.5706847, 44.2595771 ], [ -72.5706665, 44.2595504 ], [ -72.5708264, 44.259368 ], [ -72.5707836, 44.2593465 ], [ -72.570954, 44.259173 ], [ -72.5712135, 44.2592933 ], [ -72.5710607, 44.2594724 ], [ -72.571017, 44.2594531 ], [ -72.5709251, 44.2595542 ], [ -72.571367, 44.2597575 ], [ -72.5713802, 44.2597392 ], [ -72.5715977, 44.2595018 ], [ -72.5717522, 44.2595688 ], [ -72.5717114, 44.2596096 ], [ -72.5717425, 44.2596276 ] ] ] } },
{ "type": "Feature", "properties": { "osm_id": 353556411, "name": "" }, "geometry": { "type": "Polygon", "coordinates": [ [ [ -72.5771443, 44.2588581 ], [ -72.5775362, 44.2585875 ], [ -72.5778825, 44.2588511 ], [ -72.5779098, 44.2588443 ], [ -72.5779388, 44.2588927 ], [ -72.5778974, 44.2589088 ], [ -72.5779235, 44.258953 ], [ -72.5778391, 44.259011 ], [ -72.5778743, 44.2590405 ], [ -72.5777647, 44.2591162 ], [ -72.5776944, 44.2590678 ], [ -72.5775546, 44.259162 ], [ -72.5771443, 44.2588581 ] ] ] } },
{ "type": "Feature", "properties": { "osm_id": 353556413, "name": "Sarducci's" }, "geometry": { "type": "Polygon", "coordinates": [ [ [ -72.5769736, 44.2579193 ], [ -72.5768997, 44.2579855 ], [ -72.5767302, 44.2578928 ], [ -72.5767456, 44.2578796 ], [ -72.5766624, 44.257831 ], [ -72.57661, 44.2577803 ], [ -72.5765484, 44.2577781 ], [ -72.5765176, 44.257756 ], [ -72.5765423, 44.2577339 ], [ -72.5763605, 44.2575817 ], [ -72.5762434, 44.2574448 ], [ -72.5763266, 44.2574073 ], [ -72.5766408, 44.2576567 ], [ -72.5767887, 44.2577692 ], [ -72.5768115, 44.2577534 ], [ -72.5769584, 44.2578693 ], [ -72.5769301, 44.2578877 ], [ -72.5769736, 44.2579193 ] ] ] } },
{ "type": "Feature", "properties": { "osm_id": 353556415, "name": "Citizens Bank" }, "geometry": { "type": "Polygon", "coordinates": [ [ [ -72.576957, 44.2582536 ], [ -72.5768522, 44.2583485 ], [ -72.576662, 44.2582218 ], [ -72.5767154, 44.2581664 ], [ -72.5767565, 44.2581308 ], [ -72.576957, 44.2582536 ] ] ] } },
{ "type": "Feature", "properties": { "osm_id": 353556417, "name": "Capital Dry Cleaners" }, "geometry": { "type": "Polygon", "coordinates": [ [ [ -72.5766604, 44.258339 ], [ -72.5765386, 44.258419 ], [ -72.576459, 44.2583622 ], [ -72.5765755, 44.2582814 ], [ -72.5766604, 44.258339 ] ] ] } },
{ "type": "Feature", "properties": { "osm_id": 353556419, "name": "Buddy's Famous" }, "geometry": { "type": "Polygon", "coordinates": [ [ [ -72.576349, 44.2581589 ], [ -72.5762586, 44.2582164 ], [ -72.5761515, 44.2581363 ], [ -72.5761966, 44.2581054 ], [ -72.576241, 44.258076 ], [ -72.5762676, 44.2580898 ], [ -72.5763475, 44.2580325 ], [ -72.5763667, 44.2580509 ], [ -72.5763917, 44.2580284 ], [ -72.5764773, 44.2580761 ], [ -72.5764385, 44.2580996 ], [ -72.5764749, 44.2581194 ], [ -72.5763796, 44.2581759 ], [ -72.576349, 44.2581589 ] ] ] } },
{ "type": "Feature", "properties": { "osm_id": 353556421, "name": "Guy's Farm & Yard" }, "geometry": { "type": "Polygon", "coordinates": [ [ [ -72.5762314, 44.2577358 ], [ -72.5760265, 44.2578748 ], [ -72.5760373, 44.2578859 ], [ -72.5759217, 44.2579653 ], [ -72.575743, 44.2578384 ], [ -72.5760619, 44.2576144 ], [ -72.5762314, 44.2577358 ] ] ] } },
{ "type": "Feature", "properties": { "osm_id": 353556423, "name": "" }, "geometry": { "type": "Polygon", "coordinates": [ [ [ -72.5756555, 44.2577215 ], [ -72.5758651, 44.2575852 ], [ -72.5759468, 44.2576497 ], [ -72.5759335, 44.2576583 ], [ -72.5759556, 44.2576757 ], [ -72.5758793, 44.2577253 ], [ -72.5758871, 44.2577315 ], [ -72.575779, 44.2578017 ], [ -72.5757655, 44.257791 ], [ -72.5757535, 44.2577988 ], [ -72.5756555, 44.2577215 ] ] ] } },
{ "type": "Feature", "properties": { "osm_id": 353558762, "name": "" }, "geometry": { "type": "Polygon", "coordinates": [ [ [ -72.5755903, 44.257697 ], [ -72.5754951, 44.2576199 ], [ -72.5755431, 44.2575909 ], [ -72.5755293, 44.2575791 ], [ -72.5757205, 44.2574713 ], [ -72.5757826, 44.2575234 ], [ -72.575705, 44.2575664 ], [ -72.5757499, 44.2576046 ], [ -72.5755903, 44.257697 ] ] ] } },
{ "type": "Feature", "properties": { "osm_id": 353558763, "name": "" }, "geometry": { "type": "Polygon", "coordinates": [ [ [ -72.5754836, 44.2575798 ], [ -72.5754101, 44.2575194 ], [ -72.5754327, 44.2575052 ], [ -72.5754206, 44.2574952 ], [ -72.5755233, 44.2574312 ], [ -72.57554, 44.257445 ], [ -72.5755906, 44.2574135 ], [ -72.5755673, 44.2573943 ], [ -72.5757264, 44.2572951 ], [ -72.5758087, 44.2573629 ], [ -72.5756788, 44.2574439 ], [ -72.5756673, 44.2574345 ], [ -72.5756351, 44.2574545 ], [ -72.5756564, 44.2574721 ], [ -72.5754836, 44.2575798 ] ] ] } },
{ "type": "Feature", "properties": { "osm_id": 353558764, "name": "" }, "geometry": { "type": "Polygon", "coordinates": [ [ [ -72.5757359, 44.2572537 ], [ -72.5755787, 44.2573624 ], [ -72.5755248, 44.2573205 ], [ -72.5756835, 44.2572118 ], [ -72.5757359, 44.2572537 ] ] ] } },
{ "type": "Feature", "properties": { "osm_id": 353558765, "name": "" }, "geometry": { "type": "Polygon", "coordinates": [ [ [ -72.5755418, 44.2572841 ], [ -72.5754486, 44.2572096 ], [ -72.5755271, 44.2571555 ], [ -72.5755487, 44.2571743 ], [ -72.5755965, 44.2571401 ], [ -72.5756743, 44.2572046 ], [ -72.5755418, 44.2572841 ] ] ] } },
{ "type": "Feature", "properties": { "osm_id": 353558766, "name": "" }, "geometry": { "type": "Polygon", "coordinates": [ [ [ -72.5753986, 44.2573583 ], [ -72.5752885, 44.257433 ], [ -72.5751961, 44.2573632 ], [ -72.5753062, 44.2572885 ], [ -72.5753986, 44.2573583 ] ] ] } },
{ "type": "Feature", "properties": { "osm_id": 353558767, "name": "" }, "geometry": { "type": "Polygon", "coordinates": [ [ [ -72.5751126, 44.2572382 ], [ -72.5751838, 44.257301 ], [ -72.5753199, 44.2572217 ], [ -72.575313, 44.2572118 ], [ -72.5753291, 44.2572022 ], [ -72.575336, 44.257208 ], [ -72.5754256, 44.2571544 ], [ -72.575347, 44.257087 ], [ -72.5752021, 44.2571737 ], [ -72.5752082, 44.2571826 ], [ -72.5751126, 44.2572382 ] ] ] } },
{ "type": "Feature", "properties": { "osm_id": 353558768, "name": "Montpelier Department of Recreation" }, "geometry": { "type": "Polygon", "coordinates": [ [ [ -72.5752802, 44.257054 ], [ -72.5750646, 44.2571972 ], [ -72.57507, 44.2572073 ], [ -72.5749863, 44.2572631 ], [ -72.5748268, 44.2571402 ], [ -72.5749084, 44.2570859 ], [ -72.574918, 44.2570933 ], [ -72.5751426, 44.256944 ], [ -72.575168, 44.2569636 ], [ -72.5752012, 44.2569415 ], [ -72.5752884, 44.2570088 ], [ -72.5752525, 44.2570326 ], [ -72.5752802, 44.257054 ] ] ] } },
{ "type": "Feature", "properties": { "osm_id": 353558769, "name": "" }, "geometry": { "type": "Polygon", "coordinates": [ [ [ -72.5751258, 44.2568771 ], [ -72.5748774, 44.2570403 ], [ -72.574868, 44.257033 ], [ -72.5748296, 44.2570582 ], [ -72.5747568, 44.2570015 ], [ -72.5748432, 44.2569448 ], [ -72.5748315, 44.2569356 ], [ -72.5748937, 44.2568947 ], [ -72.5749147, 44.256911 ], [ -72.5750529, 44.2568202 ], [ -72.5751258, 44.2568771 ] ] ] } },
{ "type": "Feature", "properties": { "osm_id": 353558770, "name": "Green Light Real Estate" }, "geometry": { "type": "Polygon", "coordinates": [ [ [ -72.5749465, 44.2568115 ], [ -72.5748844, 44.2568539 ], [ -72.5748622, 44.2568373 ], [ -72.5748083, 44.256874 ], [ -72.5748242, 44.2568859 ], [ -72.5747865, 44.2569117 ], [ -72.5747676, 44.2568975 ], [ -72.5746638, 44.2569683 ], [ -72.574592, 44.2569143 ], [ -72.5747056, 44.2568368 ], [ -72.5746862, 44.2568222 ], [ -72.5747424, 44.2567839 ], [ -72.574776, 44.2568091 ], [ -72.5748636, 44.2567493 ], [ -72.5749465, 44.2568115 ] ] ] } },
{ "type": "Feature", "properties": { "osm_id": 353558771, "name": "" }, "geometry": { "type": "Polygon", "coordinates": [ [ [ -72.5744276, 44.2567507 ], [ -72.5745713, 44.2566576 ], [ -72.5746408, 44.2567126 ], [ -72.5744972, 44.2568057 ], [ -72.5744276, 44.2567507 ] ] ] } },
{ "type": "Feature", "properties": { "osm_id": 353558772, "name": "" }, "geometry": { "type": "Polygon", "coordinates": [ [ [ -72.5745004, 44.2565485 ], [ -72.5743124, 44.2566706 ], [ -72.5742612, 44.2566301 ], [ -72.5742413, 44.2566359 ], [ -72.5741746, 44.2565832 ], [ -72.5742921, 44.2565069 ], [ -72.574352, 44.2565541 ], [ -72.5744373, 44.2564987 ], [ -72.5745004, 44.2565485 ] ] ] } },
{ "type": "Feature", "properties": { "osm_id": 353558773, "name": "" }, "geometry": { "type": "Polygon", "coordinates": [ [ [ -72.5741014, 44.2565851 ], [ -72.5740176, 44.2565138 ], [ -72.5741466, 44.2564361 ], [ -72.5740423, 44.2563474 ], [ -72.5741724, 44.256269 ], [ -72.57428, 44.2563606 ], [ -72.5742154, 44.2563995 ], [ -72.5742957, 44.2564679 ], [ -72.5741014, 44.2565851 ] ] ] } },
{ "type": "Feature", "properties": { "osm_id": 353558774, "name": "" }, "geometry": { "type": "Polygon", "coordinates": [ [ [ -72.5748674, 44.2560557 ], [ -72.5747384, 44.2561187 ], [ -72.5744261, 44.2557909 ], [ -72.5745551, 44.2557279 ], [ -72.5748674, 44.2560557 ] ] ] } },
{ "type": "Feature", "properties": { "osm_id": 558911665, "name": "" }, "geometry": { "type": "Polygon", "coordinates": [ [ [ -72.5767296, 44.2603074 ], [ -72.5767663, 44.2602284 ], [ -72.5765423, 44.2601695 ], [ -72.5766106, 44.2600379 ], [ -72.576257, 44.2599439 ], [ -72.5762238, 44.2600066 ], [ -72.5760382, 44.2599614 ], [ -72.5759945, 44.2600429 ], [ -72.5757249, 44.2599752 ], [ -72.5757564, 44.2599339 ], [ -72.5759743, 44.2599973 ], [ -72.5759995, 44.259953 ], [ -72.5758721, 44.2598968 ], [ -72.5758998, 44.2598445 ], [ -72.5758088, 44.2598063 ], [ -72.5756704, 44.2599697 ], [ -72.5756332, 44.2600533 ], [ -72.5764969, 44.2602551 ], [ -72.5767296, 44.2603074 ] ] ] } },
{ "type": "Feature", "properties": { "osm_id": 558911667, "name": "" }, "geometry": { "type": "Polygon", "coordinates": [ [ [ -72.5768691, 44.2590883 ], [ -72.5767969, 44.2591638 ], [ -72.5768039, 44.2591665 ], [ -72.5767581, 44.259218 ], [ -72.576463, 44.259081 ], [ -72.5765118, 44.259031 ], [ -72.5765915, 44.2589495 ], [ -72.5768691, 44.2590883 ] ] ] } },
{ "type": "Feature", "properties": { "osm_id": 558911672, "name": "" }, "geometry": { "type": "Polygon", "coordinates": [ [ [ -72.5752163, 44.2600641 ], [ -72.5753064, 44.2599617 ], [ -72.5749351, 44.2597982 ], [ -72.5748611, 44.2598847 ], [ -72.5748619, 44.2599055 ], [ -72.5748769, 44.2599249 ], [ -72.5752163, 44.2600641 ] ] ] } },
{ "type": "Feature", "properties": { "osm_id": 558911673, "name": "Montpelier Fire Station" }, "geometry": { "type": "Polygon", "coordinates": [ [ [ -72.5755031, 44.2595556 ], [ -72.5755849, 44.2594571 ], [ -72.5753207, 44.2593407 ], [ -72.5752872, 44.2593785 ], [ -72.5752094, 44.2593447 ], [ -72.5751554, 44.2594116 ], [ -72.57531, 44.25947 ], [ -72.5755031, 44.2595556 ] ] ] } },
{ "type": "Feature", "properties": { "osm_id": 558911674, "name": "" }, "geometry": { "type": "Polygon", "coordinates": [ [ [ -72.57531, 44.25947 ], [ -72.5755031, 44.2595556 ], [ -72.5756288, 44.2596113 ], [ -72.575345, 44.2599397 ], [ -72.5750263, 44.2597984 ], [ -72.57531, 44.25947 ] ] ] } },
{ "type": "Feature", "properties": { "osm_id": 558911675, "name": "" }, "geometry": { "type": "Polygon", "coordinates": [ [ [ -72.5746589, 44.2598618 ], [ -72.5748676, 44.2596038 ], [ -72.5746868, 44.2595288 ], [ -72.5744781, 44.2597867 ], [ -72.5746589, 44.2598618 ] ] ] } },
{ "type": "Feature", "properties": { "osm_id": 558911676, "name": "City Center" }, "geometry": { "type": "Polygon", "coordinates": [ [ [ -72.5747476, 44.2605673 ], [ -72.5749234, 44.2603814 ], [ -72.5748643, 44.2603528 ], [ -72.5750324, 44.2601564 ], [ -72.5745615, 44.2599789 ], [ -72.5740231, 44.2597808 ], [ -72.5737877, 44.2600886 ], [ -72.5742166, 44.2602468 ], [ -72.5743212, 44.2602894 ], [ -72.5742703, 44.2603532 ], [ -72.5747476, 44.2605673 ] ] ] } },
{ "type": "Feature", "properties": { "osm_id": 558911677, "name": "" }, "geometry": { "type": "Polygon", "coordinates": [ [ [ -72.5763272, 44.2605265 ], [ -72.5763944, 44.2604346 ], [ -72.57622, 44.260391 ], [ -72.5762284, 44.2603744 ], [ -72.5759261, 44.260313 ], [ -72.5757684, 44.2602809 ], [ -72.575654, 44.2602577 ], [ -72.5754655, 44.2602194 ], [ -72.5752868, 44.2604346 ], [ -72.5756378, 44.2605761 ], [ -72.5757093, 44.2604768 ], [ -72.5754949, 44.2603835 ], [ -72.5755201, 44.2603473 ], [ -72.5756147, 44.2603654 ], [ -72.5756, 44.260406 ], [ -72.5757219, 44.2604241 ], [ -72.5757156, 44.2604361 ], [ -72.5758746, 44.2604586 ], [ -72.5760666, 44.2604858 ], [ -72.5760624, 44.2605024 ], [ -72.5761548, 44.2605235 ], [ -72.5761464, 44.260537 ], [ -72.5761843, 44.260549 ], [ -72.5762137, 44.2605084 ], [ -72.5763272, 44.2605265 ] ] ] } },
{ "type": "Feature", "properties": { "osm_id": 558911678, "name": "" }, "geometry": { "type": "Polygon", "coordinates": [ [ [ -72.576284, 44.2605491 ], [ -72.5762152, 44.2606467 ], [ -72.5759917, 44.2605659 ], [ -72.576028, 44.2605144 ], [ -72.576194, 44.2605743 ], [ -72.5762264, 44.2605283 ], [ -72.576284, 44.2605491 ] ] ] } },
{ "type": "Feature", "properties": { "osm_id": 558911679, "name": "" }, "geometry": { "type": "Polygon", "coordinates": [ [ [ -72.5760782, 44.2607641 ], [ -72.5761467, 44.2606773 ], [ -72.5759543, 44.2605993 ], [ -72.5759361, 44.2606224 ], [ -72.5758995, 44.2606075 ], [ -72.5759148, 44.2605883 ], [ -72.5758762, 44.2605727 ], [ -72.5758107, 44.2606556 ], [ -72.5760782, 44.2607641 ] ] ] } },
{ "type": "Feature", "properties": { "osm_id": 558911680, "name": "" }, "geometry": { "type": "Polygon", "coordinates": [ [ [ -72.5758938, 44.2605471 ], [ -72.5759062, 44.2604888 ], [ -72.5757397, 44.2604706 ], [ -72.5757273, 44.2605289 ], [ -72.5758938, 44.2605471 ] ] ] } },
{ "type": "Feature", "properties": { "osm_id": 558911681, "name": "" }, "geometry": { "type": "Polygon", "coordinates": [ [ [ -72.5757814, 44.2610005 ], [ -72.575998, 44.2608337 ], [ -72.5756134, 44.2606685 ], [ -72.5754441, 44.2608769 ], [ -72.5757814, 44.2610005 ] ] ] } },
{ "type": "Feature", "properties": { "osm_id": 558911682, "name": "" }, "geometry": { "type": "Polygon", "coordinates": [ [ [ -72.5754918, 44.2606505 ], [ -72.575451, 44.2607014 ], [ -72.5754217, 44.2606894 ], [ -72.5753248, 44.260812 ], [ -72.5750786, 44.2607081 ], [ -72.5752432, 44.2605131 ], [ -72.5754246, 44.2605877 ], [ -72.5754033, 44.2606142 ], [ -72.5754918, 44.2606505 ] ] ] } },
{ "type": "Feature", "properties": { "osm_id": 558911683, "name": "" }, "geometry": { "type": "Polygon", "coordinates": [ [ [ -72.575249, 44.2609148 ], [ -72.5752847, 44.2608757 ], [ -72.5749989, 44.2607477 ], [ -72.5749106, 44.2608486 ], [ -72.5747572, 44.2610322 ], [ -72.5750262, 44.2611586 ], [ -72.5750556, 44.261127 ], [ -72.5751523, 44.2611556 ], [ -72.5749684, 44.2613023 ], [ -72.5751068, 44.2613777 ], [ -72.5755537, 44.261109 ], [ -72.5750893, 44.2609268 ], [ -72.5751271, 44.2608952 ], [ -72.5751712, 44.2609163 ], [ -72.5751985, 44.2608922 ], [ -72.575249, 44.2609148 ] ] ] } },
{ "type": "Feature", "properties": { "osm_id": 558911684, "name": "Unitarian Church of Montpelier" }, "geometry": { "type": "Polygon", "coordinates": [ [ [ -72.574797, 44.2615189 ], [ -72.5746759, 44.2616078 ], [ -72.5743536, 44.2613824 ], [ -72.5744748, 44.2612935 ], [ -72.574797, 44.2615189 ] ] ] } },
{ "type": "Feature", "properties": { "osm_id": 558911687, "name": "" }, "geometry": { "type": "Polygon", "coordinates": [ [ [ -72.5743354, 44.2615856 ], [ -72.5742014, 44.2614833 ], [ -72.5740575, 44.26158 ], [ -72.5741899, 44.261681 ], [ -72.5742181, 44.261662 ], [ -72.5742731, 44.261704 ], [ -72.5743524, 44.2616506 ], [ -72.5742992, 44.26161 ], [ -72.5743354, 44.2615856 ] ] ] } },
{ "type": "Feature", "properties": { "osm_id": 558911688, "name": "" }, "geometry": { "type": "Polygon", "coordinates": [ [ [ -72.5741472, 44.2617676 ], [ -72.574008, 44.2616645 ], [ -72.5739781, 44.2616852 ], [ -72.5739262, 44.2616467 ], [ -72.573834, 44.2617105 ], [ -72.5740252, 44.2618521 ], [ -72.5741472, 44.2617676 ] ] ] } },
{ "type": "Feature", "properties": { "osm_id": 558911689, "name": "" }, "geometry": { "type": "Polygon", "coordinates": [ [ [ -72.5738605, 44.261913 ], [ -72.5738649, 44.2618893 ], [ -72.5738468, 44.2618743 ], [ -72.5738169, 44.261875 ], [ -72.5738069, 44.2618813 ], [ -72.5736954, 44.2617902 ], [ -72.5735951, 44.2618531 ], [ -72.5738216, 44.2620382 ], [ -72.5738875, 44.2619968 ], [ -72.5738177, 44.2619398 ], [ -72.5738605, 44.261913 ] ] ] } },
{ "type": "Feature", "properties": { "osm_id": 558911690, "name": "" }, "geometry": { "type": "Polygon", "coordinates": [ [ [ -72.5735067, 44.2622115 ], [ -72.5735834, 44.2621659 ], [ -72.5735531, 44.2621397 ], [ -72.5735785, 44.2621247 ], [ -72.5734156, 44.261984 ], [ -72.5732636, 44.2620742 ], [ -72.5734445, 44.2622305 ], [ -72.5734945, 44.2622009 ], [ -72.5735067, 44.2622115 ] ] ] } },
{ "type": "Feature", "properties": { "osm_id": 558911699, "name": "Central Vermont Little League" }, "geometry": { "type": "Polygon", "coordinates": [ [ [ -72.5746929, 44.2573918 ], [ -72.5744724, 44.2572256 ], [ -72.5743548, 44.2573116 ], [ -72.5743836, 44.2573276 ], [ -72.5741391, 44.2574975 ], [ -72.5743, 44.2576128 ], [ -72.574583, 44.2574202 ], [ -72.5746154, 44.2574446 ], [ -72.5746929, 44.2573918 ] ] ] } },
{ "type": "Feature", "properties": { "osm_id": 608149200, "name": "Kellogg Hubbard Public Library" }, "geometry": { "type": "Polygon", "coordinates": [ [ [ -72.573789, 44.2612397 ], [ -72.5739419, 44.2610966 ], [ -72.5738064, 44.2610178 ], [ -72.5737863, 44.261038 ], [ -72.5736817, 44.2609756 ], [ -72.5736589, 44.2609977 ], [ -72.5735476, 44.2609304 ], [ -72.5734389, 44.2610294 ], [ -72.5734725, 44.2610495 ], [ -72.5733907, 44.2611206 ], [ -72.5735905, 44.2612311 ], [ -72.5736642, 44.2611677 ], [ -72.573789, 44.2612397 ] ] ] } },
{ "type": "Feature", "properties": { "osm_id": 620929605, "name": "" }, "geometry": { "type": "Polygon", "coordinates": [ [ [ -72.5740778, 44.2603303 ], [ -72.5738454, 44.2602171 ], [ -72.5736879, 44.2603829 ], [ -72.5737643, 44.2604201 ], [ -72.5736417, 44.2605492 ], [ -72.5738915, 44.2606708 ], [ -72.5740609, 44.2604925 ], [ -72.5739672, 44.2604468 ], [ -72.5740778, 44.2603303 ] ] ] } },
{ "type": "Feature", "properties": { "osm_id": 620929607, "name": "Bethany United Church of Christ" }, "geometry": { "type": "Polygon", "coordinates": [ [ [ -72.5746077, 44.2606735 ], [ -72.5743403, 44.260537 ], [ -72.5740448, 44.260834 ], [ -72.5742141, 44.2609204 ], [ -72.5744119, 44.2607216 ], [ -72.57451, 44.2607717 ], [ -72.5746077, 44.2606735 ] ] ] } },
{ "type": "Feature", "properties": { "osm_id": 625075436, "name": "" }, "geometry": { "type": "Polygon", "coordinates": [ [ [ -72.5749075, 44.257543 ], [ -72.5748242, 44.2574787 ], [ -72.5746778, 44.2575776 ], [ -72.5746276, 44.2575369 ], [ -72.5742378, 44.2577833 ], [ -72.5743802, 44.2578989 ], [ -72.5749075, 44.257543 ] ] ] } },
{ "type": "Feature", "properties": { "osm_id": 625075439, "name": "St. Augustine Catholic Church" }, "geometry": { "type": "Polygon", "coordinates": [ [ [ -72.5758008, 44.2582266 ], [ -72.5755872, 44.2580664 ], [ -72.5752844, 44.2582815 ], [ -72.575263, 44.2582743 ], [ -72.575224, 44.2582779 ], [ -72.5752002, 44.2582959 ], [ -72.5752002, 44.2583166 ], [ -72.5752153, 44.2583364 ], [ -72.5751926, 44.2583562 ], [ -72.575312, 44.2584408 ], [ -72.5753761, 44.2584066 ], [ -72.5754565, 44.2584597 ], [ -72.5758008, 44.2582266 ] ] ] } },
{ "type": "Feature", "properties": { "osm_id": 627801218, "name": "" }, "geometry": { "type": "Polygon", "coordinates": [ [ [ -72.5733484, 44.2600194 ], [ -72.5730919, 44.2599088 ], [ -72.5729963, 44.2600225 ], [ -72.573075, 44.2600564 ], [ -72.5729551, 44.2601991 ], [ -72.573133, 44.2602758 ], [ -72.5733484, 44.2600194 ] ] ] } },
{ "type": "Feature", "properties": { "osm_id": 682909938, "name": "Trinity United Methodist Church" }, "geometry": { "type": "Polygon", "coordinates": [ [ [ -72.5735505, 44.261373 ], [ -72.5733231, 44.2612251 ], [ -72.5731762, 44.261341 ], [ -72.5733942, 44.2614827 ], [ -72.5734287, 44.2614554 ], [ -72.5734569, 44.2614737 ], [ -72.5735107, 44.2614313 ], [ -72.573492, 44.2614191 ], [ -72.5735505, 44.261373 ] ] ] } },
{ "type": "Feature", "properties": { "osm_id": 683789590, "name": "" }, "geometry": { "type": "Polygon", "coordinates": [ [ [ -72.5752275, 44.2577275 ], [ -72.5750982, 44.2576246 ], [ -72.5749659, 44.2577099 ], [ -72.5750301, 44.2577611 ], [ -72.5749576, 44.2578048 ], [ -72.5750238, 44.2578599 ], [ -72.5751962, 44.2577477 ], [ -72.5752275, 44.2577275 ] ] ] } },
{ "type": "Feature", "properties": { "osm_id": 693564706, "name": "" }, "geometry": { "type": "Polygon", "coordinates": [ [ [ -72.5734397, 44.2615779 ], [ -72.5733116, 44.2616757 ], [ -72.573052, 44.2615115 ], [ -72.5731868, 44.2614088 ], [ -72.5734397, 44.2615779 ] ] ] } },
{ "type": "Feature", "properties": { "osm_id": 693564707, "name": "Vermont Public Interest Research Group (VPIRG)" }, "geometry": { "type": "Polygon", "coordinates": [ [ [ -72.5732239, 44.2617179 ], [ -72.5730891, 44.2618061 ], [ -72.5727603, 44.261573 ], [ -72.5728884, 44.2614776 ], [ -72.5732239, 44.2617179 ] ] ] } },
{ "type": "Feature", "properties": { "osm_id": 693564708, "name": "" }, "geometry": { "type": "Polygon", "coordinates": [ [ [ -72.5728787, 44.2619127 ], [ -72.573004, 44.2618271 ], [ -72.5729324, 44.2617734 ], [ -72.5729036, 44.2617931 ], [ -72.572856, 44.2617573 ], [ -72.5727846, 44.2618061 ], [ -72.5728246, 44.2618361 ], [ -72.5727995, 44.2618533 ], [ -72.5728787, 44.2619127 ] ] ] } },
{ "type": "Feature", "properties": { "osm_id": 693564709, "name": "" }, "geometry": { "type": "Polygon", "coordinates": [ [ [ -72.5727553, 44.2619932 ], [ -72.5726285, 44.2620718 ], [ -72.5724982, 44.2619639 ], [ -72.5725156, 44.2619532 ], [ -72.5724355, 44.261887 ], [ -72.5725179, 44.2618359 ], [ -72.5726082, 44.2619106 ], [ -72.5726458, 44.2618873 ], [ -72.5727637, 44.2619847 ], [ -72.5727553, 44.2619932 ] ] ] } },
{ "type": "Feature", "properties": { "osm_id": 693564710, "name": "" }, "geometry": { "type": "Polygon", "coordinates": [ [ [ -72.5727589, 44.2617021 ], [ -72.5726941, 44.2617409 ], [ -72.5726278, 44.2616841 ], [ -72.5726926, 44.2616453 ], [ -72.5727589, 44.2617021 ] ] ] } },
{ "type": "Feature", "properties": { "osm_id": 693564711, "name": "The Inn At Montpelier" }, "geometry": { "type": "Polygon", "coordinates": [ [ [ -72.5724417, 44.262254 ], [ -72.5725142, 44.262196 ], [ -72.5725765, 44.2621803 ], [ -72.5725967, 44.2621282 ], [ -72.5725428, 44.2621176 ], [ -72.5724889, 44.2620837 ], [ -72.5724417, 44.2620958 ], [ -72.572231, 44.2619425 ], [ -72.5721859, 44.2619743 ], [ -72.5721455, 44.2619449 ], [ -72.5720934, 44.2619817 ], [ -72.5723434, 44.2621635 ], [ -72.5723181, 44.2621813 ], [ -72.5724181, 44.262254 ], [ -72.5724417, 44.262254 ] ] ] } },
{ "type": "Feature", "properties": { "osm_id": 693564712, "name": "" }, "geometry": { "type": "Polygon", "coordinates": [ [ [ -72.5721338, 44.261855 ], [ -72.5720366, 44.2619161 ], [ -72.5718424, 44.2617579 ], [ -72.5719397, 44.2616967 ], [ -72.5721338, 44.261855 ] ] ] } },
{ "type": "Feature", "properties": { "osm_id": 693564713, "name": "The Gary Residence" }, "geometry": { "type": "Polygon", "coordinates": [ [ [ -72.5723577, 44.2622845 ], [ -72.5722033, 44.2623859 ], [ -72.5720998, 44.2623051 ], [ -72.5720669, 44.2623267 ], [ -72.5719744, 44.2622544 ], [ -72.5719177, 44.2622916 ], [ -72.5718767, 44.2622596 ], [ -72.5718341, 44.2622876 ], [ -72.5714514, 44.2619887 ], [ -72.571503, 44.2619549 ], [ -72.5714845, 44.2619404 ], [ -72.571532, 44.2619092 ], [ -72.5715162, 44.2618968 ], [ -72.5716098, 44.2618353 ], [ -72.5720601, 44.262187 ], [ -72.5720994, 44.2621612 ], [ -72.5721804, 44.2622245 ], [ -72.572235, 44.2621886 ], [ -72.5723577, 44.2622845 ] ] ] } },
{ "type": "Feature", "properties": { "osm_id": 693564715, "name": "" }, "geometry": { "type": "Polygon", "coordinates": [ [ [ -72.5720914, 44.2613712 ], [ -72.5719483, 44.2614616 ], [ -72.5717089, 44.2612673 ], [ -72.571852, 44.2611768 ], [ -72.5720914, 44.2613712 ] ] ] } },
{ "type": "Feature", "properties": { "osm_id": 693564716, "name": "" }, "geometry": { "type": "Polygon", "coordinates": [ [ [ -72.5716683, 44.2615377 ], [ -72.5715834, 44.2615722 ], [ -72.5714659, 44.2614237 ], [ -72.5715576, 44.2613865 ], [ -72.571602, 44.2614426 ], [ -72.5716279, 44.2614321 ], [ -72.5716784, 44.2614959 ], [ -72.5716457, 44.2615092 ], [ -72.5716683, 44.2615377 ] ] ] } },
{ "type": "Feature", "properties": { "osm_id": 693564718, "name": "" }, "geometry": { "type": "Polygon", "coordinates": [ [ [ -72.5713359, 44.2619489 ], [ -72.5711316, 44.2619286 ], [ -72.5711466, 44.2618513 ], [ -72.5713509, 44.2618716 ], [ -72.5713359, 44.2619489 ] ] ] } },
{ "type": "Feature", "properties": { "osm_id": 693564719, "name": "" }, "geometry": { "type": "Polygon", "coordinates": [ [ [ -72.5714395, 44.2616157 ], [ -72.5713419, 44.2616508 ], [ -72.5712437, 44.2615104 ], [ -72.5713412, 44.2614754 ], [ -72.5714395, 44.2616157 ] ] ] } },
{ "type": "Feature", "properties": { "osm_id": 693564720, "name": "" }, "geometry": { "type": "Polygon", "coordinates": [ [ [ -72.5714253, 44.2617313 ], [ -72.5713111, 44.2617833 ], [ -72.5712652, 44.2617318 ], [ -72.5713545, 44.261691 ], [ -72.5713676, 44.2617058 ], [ -72.5713925, 44.2616944 ], [ -72.5714253, 44.2617313 ] ] ] } },
{ "type": "Feature", "properties": { "osm_id": 693564721, "name": "" }, "geometry": { "type": "Polygon", "coordinates": [ [ [ -72.5711967, 44.2616836 ], [ -72.5711282, 44.2617141 ], [ -72.5710464, 44.26162 ], [ -72.5711444, 44.2615763 ], [ -72.5712097, 44.2616514 ], [ -72.5711801, 44.2616645 ], [ -72.5711967, 44.2616836 ] ] ] } },
{ "type": "Feature", "properties": { "osm_id": 693564722, "name": "" }, "geometry": { "type": "Polygon", "coordinates": [ [ [ -72.5710446, 44.2617686 ], [ -72.570992, 44.2617935 ], [ -72.5709408, 44.2617378 ], [ -72.570916, 44.2617495 ], [ -72.570859, 44.2616875 ], [ -72.5709183, 44.2616595 ], [ -72.5709305, 44.2616728 ], [ -72.5709868, 44.2616463 ], [ -72.5710435, 44.261708 ], [ -72.5710054, 44.261726 ], [ -72.5710446, 44.2617686 ] ] ] } },
{ "type": "Feature", "properties": { "osm_id": 693564723, "name": "" }, "geometry": { "type": "Polygon", "coordinates": [ [ [ -72.5709464, 44.2618827 ], [ -72.5708661, 44.2619094 ], [ -72.5707848, 44.2617971 ], [ -72.5708757, 44.2617697 ], [ -72.5709464, 44.2618827 ] ] ] } },
{ "type": "Feature", "properties": { "osm_id": 693564724, "name": "" }, "geometry": { "type": "Polygon", "coordinates": [ [ [ -72.570799, 44.2618697 ], [ -72.5705438, 44.2618704 ], [ -72.5705443, 44.2619626 ], [ -72.5707995, 44.2619619 ], [ -72.570799, 44.2618697 ] ] ] } },
{ "type": "Feature", "properties": { "osm_id": 693564725, "name": "" }, "geometry": { "type": "Polygon", "coordinates": [ [ [ -72.570972, 44.2621099 ], [ -72.5709709, 44.2619807 ], [ -72.5708527, 44.2619812 ], [ -72.5708529, 44.2620031 ], [ -72.5707983, 44.2620033 ], [ -72.570799, 44.2620824 ], [ -72.5708451, 44.2620822 ], [ -72.5708454, 44.2621105 ], [ -72.570972, 44.2621099 ] ] ] } },
{ "type": "Feature", "properties": { "osm_id": 693564726, "name": "" }, "geometry": { "type": "Polygon", "coordinates": [ [ [ -72.5707544, 44.2620705 ], [ -72.570759, 44.2619917 ], [ -72.5704822, 44.2619884 ], [ -72.5704746, 44.262018 ], [ -72.5704837, 44.2620639 ], [ -72.5707544, 44.2620705 ] ] ] } },
{ "type": "Feature", "properties": { "osm_id": 693564729, "name": "" }, "geometry": { "type": "Polygon", "coordinates": [ [ [ -72.5734604, 44.2607707 ], [ -72.5733141, 44.2606952 ], [ -72.5732279, 44.2607809 ], [ -72.5732866, 44.2608112 ], [ -72.5731823, 44.2609149 ], [ -72.5732698, 44.26096 ], [ -72.5734604, 44.2607707 ] ] ] } },
{ "type": "Feature", "properties": { "osm_id": 693564730, "name": "" }, "geometry": { "type": "Polygon", "coordinates": [ [ [ -72.5728328, 44.2608028 ], [ -72.5729049, 44.2607326 ], [ -72.5727808, 44.2606673 ], [ -72.5729232, 44.2605286 ], [ -72.5728582, 44.2604944 ], [ -72.5726246, 44.2607219 ], [ -72.5727535, 44.2607898 ], [ -72.5727726, 44.2607711 ], [ -72.5728328, 44.2608028 ] ] ] } },
{ "type": "Feature", "properties": { "osm_id": 693564731, "name": "" }, "geometry": { "type": "Polygon", "coordinates": [ [ [ -72.5726367, 44.2606441 ], [ -72.5725319, 44.2605925 ], [ -72.5726314, 44.2604888 ], [ -72.5725901, 44.2604685 ], [ -72.5726879, 44.2603665 ], [ -72.5728023, 44.2604228 ], [ -72.5727157, 44.2605131 ], [ -72.5727474, 44.2605287 ], [ -72.5726367, 44.2606441 ] ] ] } },
{ "type": "Feature", "properties": { "osm_id": 693564732, "name": "" }, "geometry": { "type": "Polygon", "coordinates": [ [ [ -72.5723014, 44.2609255 ], [ -72.5721904, 44.260866 ], [ -72.5722506, 44.2608084 ], [ -72.5723615, 44.2608679 ], [ -72.5723014, 44.2609255 ] ] ] } },
{ "type": "Feature", "properties": { "osm_id": 693564733, "name": "" }, "geometry": { "type": "Polygon", "coordinates": [ [ [ -72.5728093, 44.2609536 ], [ -72.572881, 44.2608818 ], [ -72.5724831, 44.2606779 ], [ -72.5724483, 44.2607128 ], [ -72.5727584, 44.2608716 ], [ -72.5727313, 44.2608987 ], [ -72.5727522, 44.2609094 ], [ -72.5727424, 44.2609193 ], [ -72.5728093, 44.2609536 ] ] ] } },
{ "type": "Feature", "properties": { "osm_id": 693564734, "name": "" }, "geometry": { "type": "Polygon", "coordinates": [ [ [ -72.572757, 44.261007 ], [ -72.572697, 44.2610563 ], [ -72.5725435, 44.2609605 ], [ -72.5726035, 44.2609112 ], [ -72.572757, 44.261007 ] ] ] } },
{ "type": "Feature", "properties": { "osm_id": 693564735, "name": "" }, "geometry": { "type": "Polygon", "coordinates": [ [ [ -72.5724174, 44.2611589 ], [ -72.5723524, 44.2612173 ], [ -72.5721072, 44.2610773 ], [ -72.5720343, 44.2611428 ], [ -72.5719038, 44.2610683 ], [ -72.5719728, 44.2610062 ], [ -72.5720103, 44.2610277 ], [ -72.572069, 44.2609749 ], [ -72.5721323, 44.2610111 ], [ -72.5721425, 44.2610019 ], [ -72.5724174, 44.2611589 ] ] ] } },
{ "type": "Feature", "properties": { "osm_id": 693564736, "name": "" }, "geometry": { "type": "Polygon", "coordinates": [ [ [ -72.5734639, 44.2597831 ], [ -72.5733626, 44.2597359 ], [ -72.5733928, 44.2597028 ], [ -72.5733815, 44.2596856 ], [ -72.5734778, 44.2595797 ], [ -72.5735979, 44.2596358 ], [ -72.5734639, 44.2597831 ] ] ] } },
{ "type": "Feature", "properties": { "osm_id": 693564737, "name": "" }, "geometry": { "type": "Polygon", "coordinates": [ [ [ -72.5732559, 44.2596856 ], [ -72.5731436, 44.2596334 ], [ -72.5732194, 44.2595497 ], [ -72.5731966, 44.2595391 ], [ -72.5732533, 44.2594765 ], [ -72.5733884, 44.2595394 ], [ -72.5732559, 44.2596856 ] ] ] } },
{ "type": "Feature", "properties": { "osm_id": 693564738, "name": "" }, "geometry": { "type": "Polygon", "coordinates": [ [ [ -72.5730859, 44.259393 ], [ -72.5730055, 44.2593544 ], [ -72.5729352, 44.2594297 ], [ -72.5729227, 44.2594237 ], [ -72.5728878, 44.259461 ], [ -72.5730113, 44.2595202 ], [ -72.5730507, 44.259478 ], [ -72.5730202, 44.2594634 ], [ -72.5730859, 44.259393 ] ] ] } },
{ "type": "Feature", "properties": { "osm_id": 693564739, "name": "" }, "geometry": { "type": "Polygon", "coordinates": [ [ [ -72.5726669, 44.2600501 ], [ -72.5725529, 44.2599922 ], [ -72.5726763, 44.2598675 ], [ -72.5727134, 44.2598863 ], [ -72.5727642, 44.259835 ], [ -72.5729035, 44.2599057 ], [ -72.572855, 44.2599547 ], [ -72.5727927, 44.2599231 ], [ -72.5726669, 44.2600501 ] ] ] } },
{ "type": "Feature", "properties": { "osm_id": 693564740, "name": "" }, "geometry": { "type": "Polygon", "coordinates": [ [ [ -72.5730512, 44.2597356 ], [ -72.5730973, 44.2596857 ], [ -72.5729963, 44.2596378 ], [ -72.5729502, 44.2596878 ], [ -72.5730512, 44.2597356 ] ] ] } },
{ "type": "Feature", "properties": { "osm_id": 693564741, "name": "" }, "geometry": { "type": "Polygon", "coordinates": [ [ [ -72.5728896, 44.2596491 ], [ -72.572948, 44.2595838 ], [ -72.5728311, 44.2595302 ], [ -72.5727727, 44.2595955 ], [ -72.5728896, 44.2596491 ] ] ] } },
{ "type": "Feature", "properties": { "osm_id": 693564742, "name": "" }, "geometry": { "type": "Polygon", "coordinates": [ [ [ -72.5728467, 44.2597763 ], [ -72.5728945, 44.2597221 ], [ -72.5727388, 44.2596517 ], [ -72.5726894, 44.2597078 ], [ -72.5727019, 44.2597134 ], [ -72.5726864, 44.259731 ], [ -72.5727213, 44.2597468 ], [ -72.5727403, 44.2597252 ], [ -72.5727976, 44.2597511 ], [ -72.5727812, 44.2597696 ], [ -72.5728156, 44.2597852 ], [ -72.57283, 44.2597688 ], [ -72.5728467, 44.2597763 ] ] ] } },
{ "type": "Feature", "properties": { "osm_id": 693564743, "name": "" }, "geometry": { "type": "Polygon", "coordinates": [ [ [ -72.5742944, 44.2597133 ], [ -72.5741836, 44.25967 ], [ -72.5743661, 44.2594301 ], [ -72.5744808, 44.2594749 ], [ -72.5744115, 44.259566 ], [ -72.5744335, 44.2595746 ], [ -72.5744026, 44.2596152 ], [ -72.5743767, 44.2596051 ], [ -72.5742944, 44.2597133 ] ] ] } },
{ "type": "Feature", "properties": { "osm_id": 693564744, "name": "" }, "geometry": { "type": "Polygon", "coordinates": [ [ [ -72.5741104, 44.2596544 ], [ -72.5742156, 44.2595193 ], [ -72.5741347, 44.259487 ], [ -72.5740294, 44.259622 ], [ -72.5741104, 44.2596544 ] ] ] } },
{ "type": "Feature", "properties": { "osm_id": 693564745, "name": "" }, "geometry": { "type": "Polygon", "coordinates": [ [ [ -72.574258, 44.2594961 ], [ -72.5741657, 44.2594593 ], [ -72.5742479, 44.2593536 ], [ -72.5743402, 44.2593904 ], [ -72.574258, 44.2594961 ] ] ] } },
{ "type": "Feature", "properties": { "osm_id": 693564746, "name": "" }, "geometry": { "type": "Polygon", "coordinates": [ [ [ -72.5747799, 44.2592407 ], [ -72.5748841, 44.259124 ], [ -72.5746832, 44.259032 ], [ -72.5745791, 44.2591487 ], [ -72.5747799, 44.2592407 ] ] ] } },
{ "type": "Feature", "properties": { "osm_id": 693564747, "name": "" }, "geometry": { "type": "Polygon", "coordinates": [ [ [ -72.5721917, 44.2604721 ], [ -72.5724062, 44.2602767 ], [ -72.5723572, 44.2602491 ], [ -72.5723173, 44.2602855 ], [ -72.572205, 44.2602222 ], [ -72.5720304, 44.2603813 ], [ -72.5721917, 44.2604721 ] ] ] } },
{ "type": "Feature", "properties": { "osm_id": 693564748, "name": "" }, "geometry": { "type": "Polygon", "coordinates": [ [ [ -72.5720972, 44.2602243 ], [ -72.572148, 44.260173 ], [ -72.5721212, 44.2601594 ], [ -72.572158, 44.2601222 ], [ -72.5721124, 44.2600991 ], [ -72.5721345, 44.2600768 ], [ -72.5720211, 44.2600193 ], [ -72.572007, 44.2600335 ], [ -72.5719744, 44.2600335 ], [ -72.5719744, 44.2600569 ], [ -72.5719826, 44.2600756 ], [ -72.5719337, 44.2601251 ], [ -72.5720335, 44.2601757 ], [ -72.5720227, 44.2601866 ], [ -72.5720972, 44.2602243 ] ] ] } },
{ "type": "Feature", "properties": { "osm_id": 693564749, "name": "" }, "geometry": { "type": "Polygon", "coordinates": [ [ [ -72.5720198, 44.2603178 ], [ -72.5720775, 44.2602632 ], [ -72.5719817, 44.2602112 ], [ -72.5719239, 44.2602657 ], [ -72.5720198, 44.2603178 ] ] ] } },
{ "type": "Feature", "properties": { "osm_id": 693564750, "name": "" }, "geometry": { "type": "Polygon", "coordinates": [ [ [ -72.5716324, 44.2603448 ], [ -72.5717178, 44.2602685 ], [ -72.5718181, 44.2603261 ], [ -72.5718058, 44.2603371 ], [ -72.5718498, 44.2603624 ], [ -72.5717999, 44.260407 ], [ -72.5717553, 44.2603814 ], [ -72.5717321, 44.2604021 ], [ -72.5716324, 44.2603448 ] ] ] } },
{ "type": "Feature", "properties": { "osm_id": 693564751, "name": "" }, "geometry": { "type": "Polygon", "coordinates": [ [ [ -72.5715838, 44.2603909 ], [ -72.571473, 44.2604488 ], [ -72.5716543, 44.2606267 ], [ -72.571734, 44.2605851 ], [ -72.5716804, 44.2605325 ], [ -72.5717115, 44.2605162 ], [ -72.5715838, 44.2603909 ] ] ] } },
{ "type": "Feature", "properties": { "osm_id": 693564752, "name": "" }, "geometry": { "type": "Polygon", "coordinates": [ [ [ -72.5720336, 44.260685 ], [ -72.5721183, 44.2606055 ], [ -72.5720331, 44.2605589 ], [ -72.5719902, 44.2605991 ], [ -72.5719509, 44.2605776 ], [ -72.5719709, 44.2605589 ], [ -72.5719191, 44.2605306 ], [ -72.5718573, 44.2605885 ], [ -72.5720336, 44.260685 ] ] ] } },
{ "type": "Feature", "properties": { "osm_id": 693564753, "name": "" }, "geometry": { "type": "Polygon", "coordinates": [ [ [ -72.571498, 44.2607354 ], [ -72.5714178, 44.2607707 ], [ -72.5712649, 44.2605927 ], [ -72.5712992, 44.2605776 ], [ -72.5712656, 44.2605385 ], [ -72.57135, 44.2605013 ], [ -72.5714857, 44.2606592 ], [ -72.5714472, 44.2606762 ], [ -72.571498, 44.2607354 ] ] ] } },
{ "type": "Feature", "properties": { "osm_id": 693564754, "name": "" }, "geometry": { "type": "Polygon", "coordinates": [ [ [ -72.5719609, 44.2607617 ], [ -72.5719832, 44.2607403 ], [ -72.5720123, 44.2607558 ], [ -72.5720393, 44.2607299 ], [ -72.5718531, 44.2606304 ], [ -72.571777, 44.2607035 ], [ -72.5718265, 44.26073 ], [ -72.5717997, 44.2607556 ], [ -72.5718379, 44.260776 ], [ -72.5718458, 44.2607879 ], [ -72.5718917, 44.2608174 ], [ -72.5719303, 44.2608174 ], [ -72.5719596, 44.2607917 ], [ -72.5719536, 44.2607664 ], [ -72.5719609, 44.2607617 ] ] ] } },
{ "type": "Feature", "properties": { "osm_id": 693564755, "name": "" }, "geometry": { "type": "Polygon", "coordinates": [ [ [ -72.5717209, 44.2609973 ], [ -72.5717925, 44.2609355 ], [ -72.5716785, 44.2608677 ], [ -72.5716612, 44.2608827 ], [ -72.571596, 44.2608439 ], [ -72.5716202, 44.260823 ], [ -72.5715659, 44.2607908 ], [ -72.5714809, 44.2608642 ], [ -72.5715444, 44.2609019 ], [ -72.5715573, 44.2608908 ], [ -72.5716224, 44.2609295 ], [ -72.571616, 44.260935 ], [ -72.5717209, 44.2609973 ] ] ] } },
{ "type": "Feature", "properties": { "osm_id": 693564756, "name": "" }, "geometry": { "type": "Polygon", "coordinates": [ [ [ -72.5715537, 44.2611586 ], [ -72.5714505, 44.2610986 ], [ -72.5716094, 44.2609585 ], [ -72.5717126, 44.2610185 ], [ -72.5715537, 44.2611586 ] ] ] } },
{ "type": "Feature", "properties": { "osm_id": 693564757, "name": "" }, "geometry": { "type": "Polygon", "coordinates": [ [ [ -72.571151, 44.2608925 ], [ -72.5710604, 44.2609289 ], [ -72.570885, 44.260705 ], [ -72.5709756, 44.2606686 ], [ -72.571151, 44.2608925 ] ] ] } },
{ "type": "Feature", "properties": { "osm_id": 693564758, "name": "" }, "geometry": { "type": "Polygon", "coordinates": [ [ [ -72.5711748, 44.2609038 ], [ -72.5711479, 44.2609148 ], [ -72.5711932, 44.2609719 ], [ -72.571275, 44.2609385 ], [ -72.5712914, 44.2609592 ], [ -72.5713577, 44.2609322 ], [ -72.5712715, 44.2608236 ], [ -72.5711503, 44.260873 ], [ -72.5711748, 44.2609038 ] ] ] } },
{ "type": "Feature", "properties": { "osm_id": 693564759, "name": "" }, "geometry": { "type": "Polygon", "coordinates": [ [ [ -72.5710844, 44.2611195 ], [ -72.5710354, 44.2611292 ], [ -72.5709498, 44.2610345 ], [ -72.5710578, 44.2609845 ], [ -72.5711516, 44.2610883 ], [ -72.5710844, 44.2611195 ] ] ] } },
{ "type": "Feature", "properties": { "osm_id": 693564760, "name": "" }, "geometry": { "type": "Polygon", "coordinates": [ [ [ -72.5714516, 44.2612553 ], [ -72.5713413, 44.261302 ], [ -72.5712417, 44.2611812 ], [ -72.5713049, 44.2611544 ], [ -72.571332, 44.2611873 ], [ -72.571379, 44.2611674 ], [ -72.5714516, 44.2612553 ] ] ] } },
{ "type": "Feature", "properties": { "osm_id": 693564761, "name": "" }, "geometry": { "type": "Polygon", "coordinates": [ [ [ -72.5712726, 44.2613521 ], [ -72.5712193, 44.261375 ], [ -72.5712062, 44.2613594 ], [ -72.5711764, 44.2613722 ], [ -72.5710626, 44.2612366 ], [ -72.5711142, 44.2612144 ], [ -72.5711384, 44.2612432 ], [ -72.5711699, 44.2612297 ], [ -72.5712726, 44.2613521 ] ] ] } },
{ "type": "Feature", "properties": { "osm_id": 693564762, "name": "" }, "geometry": { "type": "Polygon", "coordinates": [ [ [ -72.5710837, 44.2614263 ], [ -72.5710041, 44.2614622 ], [ -72.5708723, 44.2613124 ], [ -72.5710416, 44.261236 ], [ -72.5710751, 44.2612741 ], [ -72.5709854, 44.2613146 ], [ -72.5710837, 44.2614263 ] ] ] } },
{ "type": "Feature", "properties": { "osm_id": 693564764, "name": "" }, "geometry": { "type": "Polygon", "coordinates": [ [ [ -72.5709369, 44.2614879 ], [ -72.5708235, 44.261345 ], [ -72.5707576, 44.2613718 ], [ -72.5707826, 44.2614033 ], [ -72.5706911, 44.2614406 ], [ -72.5707675, 44.2615368 ], [ -72.5707906, 44.2615274 ], [ -72.5708075, 44.2615487 ], [ -72.5708597, 44.2615275 ], [ -72.5708412, 44.2615042 ], [ -72.5708798, 44.2614885 ], [ -72.5708934, 44.2615056 ], [ -72.5709369, 44.2614879 ] ] ] } },
{ "type": "Feature", "properties": { "osm_id": 693564765, "name": "" }, "geometry": { "type": "Polygon", "coordinates": [ [ [ -72.5708846, 44.2610575 ], [ -72.5707924, 44.2610957 ], [ -72.5706761, 44.2609518 ], [ -72.5706854, 44.2609479 ], [ -72.5706143, 44.2608599 ], [ -72.5707086, 44.2608209 ], [ -72.5707741, 44.2609019 ], [ -72.5707924, 44.2608943 ], [ -72.5708427, 44.2609565 ], [ -72.5708129, 44.2609689 ], [ -72.5708846, 44.2610575 ] ] ] } },
{ "type": "Feature", "properties": { "osm_id": 693564766, "name": "" }, "geometry": { "type": "Polygon", "coordinates": [ [ [ -72.5706208, 44.2609831 ], [ -72.5705289, 44.2610166 ], [ -72.5705164, 44.260999 ], [ -72.5704943, 44.261007 ], [ -72.5704571, 44.2609547 ], [ -72.5704769, 44.2609475 ], [ -72.5704518, 44.2609123 ], [ -72.5705427, 44.2608792 ], [ -72.5705745, 44.2609239 ], [ -72.5706009, 44.2609143 ], [ -72.5706265, 44.2609504 ], [ -72.5706035, 44.2609588 ], [ -72.5706208, 44.2609831 ] ] ] } },
{ "type": "Feature", "properties": { "osm_id": 693564767, "name": "" }, "geometry": { "type": "Polygon", "coordinates": [ [ [ -72.5707065, 44.2615663 ], [ -72.5706441, 44.2614916 ], [ -72.5704627, 44.2615692 ], [ -72.5705251, 44.2616439 ], [ -72.5707065, 44.2615663 ] ] ] } },
{ "type": "Feature", "properties": { "osm_id": 693564768, "name": "" }, "geometry": { "type": "Polygon", "coordinates": [ [ [ -72.570496, 44.2616553 ], [ -72.5703521, 44.2617085 ], [ -72.5703123, 44.2616532 ], [ -72.5703435, 44.2616417 ], [ -72.5703144, 44.2616012 ], [ -72.5702816, 44.2616133 ], [ -72.5702524, 44.2615728 ], [ -72.5703351, 44.2615422 ], [ -72.5703242, 44.2615271 ], [ -72.5703869, 44.2615039 ], [ -72.570496, 44.2616553 ] ] ] } },
{ "type": "Feature", "properties": { "osm_id": 693564769, "name": "" }, "geometry": { "type": "Polygon", "coordinates": [ [ [ -72.5703391, 44.2614826 ], [ -72.5702286, 44.261525 ], [ -72.5701765, 44.2614554 ], [ -72.5702725, 44.2614186 ], [ -72.5702901, 44.2614312 ], [ -72.5703336, 44.2614145 ], [ -72.5703586, 44.261448 ], [ -72.5703234, 44.2614615 ], [ -72.5703391, 44.2614826 ] ] ] } },
{ "type": "Feature", "properties": { "osm_id": 693564770, "name": "" }, "geometry": { "type": "Polygon", "coordinates": [ [ [ -72.5703086, 44.2613969 ], [ -72.5703876, 44.2613648 ], [ -72.5703477, 44.2613144 ], [ -72.5702687, 44.2613465 ], [ -72.5703086, 44.2613969 ] ] ] } },
{ "type": "Feature", "properties": { "osm_id": 693564771, "name": "" }, "geometry": { "type": "Polygon", "coordinates": [ [ [ -72.5701206, 44.2613792 ], [ -72.5702191, 44.2613399 ], [ -72.5701671, 44.261273 ], [ -72.5700685, 44.2613123 ], [ -72.5701206, 44.2613792 ] ] ] } },
{ "type": "Feature", "properties": { "osm_id": 693564772, "name": "" }, "geometry": { "type": "Polygon", "coordinates": [ [ [ -72.5701186, 44.2611899 ], [ -72.5700057, 44.2612358 ], [ -72.5698882, 44.2610877 ], [ -72.5699632, 44.2610346 ], [ -72.5700114, 44.2610267 ], [ -72.5700327, 44.2610426 ], [ -72.570017, 44.2610618 ], [ -72.5701186, 44.2611899 ] ] ] } },
{ "type": "Feature", "properties": { "osm_id": 693564773, "name": "" }, "geometry": { "type": "Polygon", "coordinates": [ [ [ -72.5704342, 44.2611744 ], [ -72.5703229, 44.2612171 ], [ -72.5703067, 44.2611955 ], [ -72.570297, 44.2611992 ], [ -72.5701947, 44.2610625 ], [ -72.570167, 44.2610565 ], [ -72.5701174, 44.2609902 ], [ -72.5702482, 44.26094 ], [ -72.5703086, 44.2610207 ], [ -72.5702857, 44.2610295 ], [ -72.5703399, 44.261102 ], [ -72.570371, 44.26109 ], [ -72.5704342, 44.2611744 ] ] ] } },
{ "type": "Feature", "properties": { "osm_id": 758423138, "name": "" }, "geometry": { "type": "Polygon", "coordinates": [ [ [ -72.5698357, 44.2556941 ], [ -72.5699051, 44.2556108 ], [ -72.570004, 44.255653 ], [ -72.5699346, 44.2557363 ], [ -72.5698357, 44.2556941 ] ] ] } },
{ "type": "Feature", "properties": { "osm_id": 758423282, "name": "" }, "geometry": { "type": "Polygon", "coordinates": [ [ [ -72.5713957, 44.2557291 ], [ -72.5713367, 44.2558 ], [ -72.5711249, 44.2557095 ], [ -72.5711839, 44.2556387 ], [ -72.5713957, 44.2557291 ] ] ] } },
{ "type": "Feature", "properties": { "osm_id": 758423346, "name": "" }, "geometry": { "type": "Polygon", "coordinates": [ [ [ -72.570923, 44.2560745 ], [ -72.5709902, 44.2559938 ], [ -72.5710915, 44.2560371 ], [ -72.5710243, 44.2561178 ], [ -72.570923, 44.2560745 ] ] ] } },
{ "type": "Feature", "properties": { "osm_id": 758423834, "name": "" }, "geometry": { "type": "Polygon", "coordinates": [ [ [ -72.5739597, 44.2567158 ], [ -72.5738693, 44.256641 ], [ -72.5737434, 44.2567192 ], [ -72.5738338, 44.256794 ], [ -72.5739597, 44.2567158 ] ] ] } },
{ "type": "Feature", "properties": { "osm_id": 758423954, "name": "" }, "geometry": { "type": "Polygon", "coordinates": [ [ [ -72.5737785, 44.2568035 ], [ -72.573666, 44.2568699 ], [ -72.5735808, 44.256796 ], [ -72.5736933, 44.2567295 ], [ -72.5737785, 44.2568035 ] ] ] } },
{ "type": "Feature", "properties": { "osm_id": 758423970, "name": "" }, "geometry": { "type": "Polygon", "coordinates": [ [ [ -72.5735082, 44.2568772 ], [ -72.5734423, 44.2569165 ], [ -72.5733645, 44.2568495 ], [ -72.5734304, 44.2568102 ], [ -72.5735082, 44.2568772 ] ] ] } },
{ "type": "Feature", "properties": { "osm_id": 758424194, "name": "" }, "geometry": { "type": "Polygon", "coordinates": [ [ [ -72.5737075, 44.2559849 ], [ -72.5736467, 44.2559357 ], [ -72.573749, 44.2558709 ], [ -72.5738097, 44.2559201 ], [ -72.5737075, 44.2559849 ] ] ] } },
{ "type": "Feature", "properties": { "osm_id": 758424223, "name": "" }, "geometry": { "type": "Polygon", "coordinates": [ [ [ -72.5735751, 44.2557162 ], [ -72.5734705, 44.2557916 ], [ -72.5733498, 44.2557056 ], [ -72.5734544, 44.2556303 ], [ -72.5735751, 44.2557162 ] ] ] } },
{ "type": "Feature", "properties": { "osm_id": 758424228, "name": "" }, "geometry": { "type": "Polygon", "coordinates": [ [ [ -72.5732833, 44.2559184 ], [ -72.57317, 44.2558405 ], [ -72.5732991, 44.2557441 ], [ -72.5734124, 44.2558219 ], [ -72.5732833, 44.2559184 ] ] ] } },
{ "type": "Feature", "properties": { "osm_id": 828868969, "name": "TD Bank" }, "geometry": { "type": "Polygon", "coordinates": [ [ [ -72.5748024, 44.2611988 ], [ -72.5747534, 44.2611765 ], [ -72.5747294, 44.2611917 ], [ -72.5746548, 44.2611551 ], [ -72.5747616, 44.2610597 ], [ -72.5748322, 44.2610935 ], [ -72.5747785, 44.2611315 ], [ -72.5748422, 44.2611621 ], [ -72.5748024, 44.2611988 ] ] ] } },
{ "type": "Feature", "properties": { "osm_id": 829357541, "name": "Citgo" }, "geometry": { "type": "Polygon", "coordinates": [ [ [ -72.5772069, 44.2570094 ], [ -72.5772753, 44.2569645 ], [ -72.5772036, 44.2569084 ], [ -72.5771352, 44.2569533 ], [ -72.5772069, 44.2570094 ] ] ] } },
{ "type": "Feature", "properties": { "osm_id": 901005537, "name": "Transit Center" }, "geometry": { "type": "Polygon", "coordinates": [ [ [ -72.5794813, 44.2602504 ], [ -72.5795642, 44.2600736 ], [ -72.57958, 44.26004 ], [ -72.5795904, 44.2600177 ], [ -72.5796622, 44.2600346 ], [ -72.5796832, 44.2599874 ], [ -72.5793763, 44.2599145 ], [ -72.579372, 44.2599375 ], [ -72.5793413, 44.2599192 ], [ -72.5793196, 44.2599063 ], [ -72.5792769, 44.2598809 ], [ -72.5792225, 44.2598485 ], [ -72.5792555, 44.25982 ], [ -72.5791279, 44.2597857 ], [ -72.5790381, 44.2598686 ], [ -72.5790017, 44.2599021 ], [ -72.5790296, 44.2599223 ], [ -72.5789846, 44.2599688 ], [ -72.5794813, 44.2602504 ] ] ] } },
{ "type": "Feature", "properties": { "osm_id": 944840365, "name": "Aartistic Inc Tattoo" }, "geometry": { "type": "Polygon", "coordinates": [ [ [ -72.5765223, 44.2586314 ], [ -72.5763808, 44.2587765 ], [ -72.5761501, 44.2586379 ], [ -72.5761332, 44.2586246 ], [ -72.576231, 44.2585571 ], [ -72.5763327, 44.2584869 ], [ -72.5765223, 44.2586314 ] ] ] } },
{ "type": "Feature", "properties": { "osm_id": 984898926, "name": "Mobil" }, "geometry": { "type": "Polygon", "coordinates": [ [ [ -72.5776231, 44.257269 ], [ -72.5775381, 44.2572159 ], [ -72.5776533, 44.2571212 ], [ -72.5777384, 44.2571744 ], [ -72.5776231, 44.257269 ] ] ] } },
{ "type": "Feature", "properties": { "osm_id": 984898927, "name": "Mobil Mart" }, "geometry": { "type": "Polygon", "coordinates": [ [ [ -72.5777577, 44.2571325 ], [ -72.5776231, 44.2570537 ], [ -72.5777205, 44.2569683 ], [ -72.5778551, 44.2570471 ], [ -72.5777577, 44.2571325 ] ] ] } },
{ "type": "Feature", "properties": { "osm_id": 989407949, "name": "" }, "geometry": { "type": "Polygon", "coordinates": [ [ [ -72.5711781, 44.260313 ], [ -72.5709608, 44.2600378 ], [ -72.5708285, 44.2600874 ], [ -72.5710616, 44.2603649 ], [ -72.5711781, 44.260313 ] ] ] } },
{ "type": "Feature", "properties": { "osm_id": 989422507, "name": "" }, "geometry": { "type": "Polygon", "coordinates": [ [ [ -72.5709099, 44.2602463 ], [ -72.5707807, 44.260296 ], [ -72.5708721, 44.2604065 ], [ -72.5710012, 44.2603569 ], [ -72.5709099, 44.2602463 ] ] ] } },
{ "type": "Feature", "properties": { "osm_id": 989422508, "name": "" }, "geometry": { "type": "Polygon", "coordinates": [ [ [ -72.5707812, 44.2604642 ], [ -72.5706016, 44.2605319 ], [ -72.5704819, 44.2603717 ], [ -72.5706646, 44.260313 ], [ -72.5707812, 44.2604642 ] ] ] } },
{ "type": "Feature", "properties": { "osm_id": 989422509, "name": "" }, "geometry": { "type": "Polygon", "coordinates": [ [ [ -72.5703559, 44.2602273 ], [ -72.5702457, 44.2602656 ], [ -72.5703024, 44.2603581 ], [ -72.5704189, 44.2603175 ], [ -72.5703559, 44.2602273 ] ] ] } },
{ "type": "Feature", "properties": { "osm_id": 989422510, "name": "" }, "geometry": { "type": "Polygon", "coordinates": [ [ [ -72.5702496, 44.2604508 ], [ -72.5701381, 44.260495 ], [ -72.5701686, 44.2605344 ], [ -72.5701055, 44.2605595 ], [ -72.5702174, 44.260704 ], [ -72.570323, 44.2606621 ], [ -72.5702672, 44.26059 ], [ -72.5703362, 44.2605626 ], [ -72.5702496, 44.2604508 ] ] ] } },
{ "type": "Feature", "properties": { "osm_id": 989422511, "name": "" }, "geometry": { "type": "Polygon", "coordinates": [ [ [ -72.5701456, 44.2607182 ], [ -72.5700986, 44.2606525 ], [ -72.5699962, 44.26069 ], [ -72.569971, 44.2606697 ], [ -72.5699215, 44.2606879 ], [ -72.5699852, 44.2607771 ], [ -72.5701456, 44.2607182 ] ] ] } },
{ "type": "Feature", "properties": { "osm_id": 989422513, "name": "" }, "geometry": { "type": "Polygon", "coordinates": [ [ [ -72.5705275, 44.259945 ], [ -72.5704361, 44.2599044 ], [ -72.5704897, 44.259848 ], [ -72.5703385, 44.2597803 ], [ -72.5702408, 44.2598931 ], [ -72.5703322, 44.2599292 ], [ -72.5703007, 44.2599653 ], [ -72.5704613, 44.2600263 ], [ -72.5705275, 44.259945 ] ] ] } },
{ "type": "Feature", "properties": { "osm_id": 989422514, "name": "" }, "geometry": { "type": "Polygon", "coordinates": [ [ [ -72.570211, 44.2600784 ], [ -72.5702551, 44.2600333 ], [ -72.5701606, 44.2599904 ], [ -72.5701197, 44.2600355 ], [ -72.570211, 44.2600784 ] ] ] } },
{ "type": "Feature", "properties": { "osm_id": 989422516, "name": "" }, "geometry": { "type": "Polygon", "coordinates": [ [ [ -72.5700178, 44.259848 ], [ -72.5699147, 44.25979 ], [ -72.5700184, 44.2596954 ], [ -72.5701215, 44.2597534 ], [ -72.5700178, 44.259848 ] ] ] } },
{ "type": "Feature", "properties": { "osm_id": 1012860279, "name": "" }, "geometry": { "type": "Polygon", "coordinates": [ [ [ -72.5701312, 44.2571538 ], [ -72.5700663, 44.2572097 ], [ -72.5699328, 44.2571307 ], [ -72.5700204, 44.2570574 ], [ -72.5700928, 44.2571018 ], [ -72.5700737, 44.2571205 ], [ -72.5701312, 44.2571538 ] ] ] } },
{ "type": "Feature", "properties": { "osm_id": 1012860280, "name": "" }, "geometry": { "type": "Polygon", "coordinates": [ [ [ -72.5702914, 44.2572182 ], [ -72.5703756, 44.2572684 ], [ -72.5703107, 44.2573219 ], [ -72.5702304, 44.257274 ], [ -72.5702116, 44.2572918 ], [ -72.5701388, 44.2572493 ], [ -72.5702115, 44.2571876 ], [ -72.57028, 44.2572278 ], [ -72.5702914, 44.2572182 ] ] ] } },
{ "type": "Feature", "properties": { "osm_id": 1012860281, "name": "" }, "geometry": { "type": "Polygon", "coordinates": [ [ [ -72.5704011, 44.2573992 ], [ -72.5704825, 44.2573298 ], [ -72.5705659, 44.25738 ], [ -72.5704406, 44.2574868 ], [ -72.5704266, 44.2574783 ], [ -72.5704026, 44.2574988 ], [ -72.5703422, 44.2574625 ], [ -72.5704101, 44.2574046 ], [ -72.5704011, 44.2573992 ] ] ] } },
{ "type": "Feature", "properties": { "osm_id": 1012860282, "name": "" }, "geometry": { "type": "Polygon", "coordinates": [ [ [ -72.5702917, 44.2574609 ], [ -72.5703375, 44.2574879 ], [ -72.5702882, 44.2575351 ], [ -72.5702424, 44.2575085 ], [ -72.5702917, 44.2574609 ] ] ] } },
{ "type": "Feature", "properties": { "osm_id": 1012860283, "name": "" }, "geometry": { "type": "Polygon", "coordinates": [ [ [ -72.5707613, 44.2575033 ], [ -72.570689, 44.2575677 ], [ -72.5706964, 44.2575726 ], [ -72.5706202, 44.2576391 ], [ -72.5706355, 44.2576486 ], [ -72.5706163, 44.2576665 ], [ -72.5705325, 44.2576166 ], [ -72.5705478, 44.2576021 ], [ -72.5705211, 44.2575857 ], [ -72.5706697, 44.2574512 ], [ -72.5707613, 44.2575033 ] ] ] } },
{ "type": "Feature", "properties": { "osm_id": 1012860284, "name": "" }, "geometry": { "type": "Polygon", "coordinates": [ [ [ -72.5708226, 44.2577615 ], [ -72.5707428, 44.2577131 ], [ -72.5708762, 44.2576004 ], [ -72.5709712, 44.2576581 ], [ -72.570861, 44.2577511 ], [ -72.5708458, 44.2577418 ], [ -72.5708226, 44.2577615 ] ] ] } },
{ "type": "Feature", "properties": { "osm_id": 1012860285, "name": "" }, "geometry": { "type": "Polygon", "coordinates": [ [ [ -72.5711549, 44.2577453 ], [ -72.571246, 44.2577961 ], [ -72.5711318, 44.2579011 ], [ -72.5711206, 44.2578948 ], [ -72.5710024, 44.2580035 ], [ -72.5708468, 44.2579167 ], [ -72.5709029, 44.2578651 ], [ -72.5709983, 44.2579184 ], [ -72.5710621, 44.2578597 ], [ -72.5710425, 44.2578488 ], [ -72.5711549, 44.2577453 ] ] ] } },
{ "type": "Feature", "properties": { "osm_id": 1012860286, "name": "" }, "geometry": { "type": "Polygon", "coordinates": [ [ [ -72.5708387, 44.2578318 ], [ -72.5707504, 44.2579117 ], [ -72.5706582, 44.2578594 ], [ -72.5707465, 44.2577795 ], [ -72.5708387, 44.2578318 ] ] ] } },
{ "type": "Feature", "properties": { "osm_id": 1012860287, "name": "" }, "geometry": { "type": "Polygon", "coordinates": [ [ [ -72.5711553, 44.2580598 ], [ -72.5712239, 44.2580968 ], [ -72.5711589, 44.2581586 ], [ -72.5710903, 44.2581215 ], [ -72.5711553, 44.2580598 ] ] ] } },
{ "type": "Feature", "properties": { "osm_id": 1012860288, "name": "" }, "geometry": { "type": "Polygon", "coordinates": [ [ [ -72.5713495, 44.2578875 ], [ -72.5714335, 44.2579417 ], [ -72.5713384, 44.2580172 ], [ -72.5713306, 44.2580122 ], [ -72.5713118, 44.2580271 ], [ -72.5712476, 44.2579857 ], [ -72.5712673, 44.25797 ], [ -72.5712554, 44.2579623 ], [ -72.5713495, 44.2578875 ] ] ] } },
{ "type": "Feature", "properties": { "osm_id": 1012860289, "name": "" }, "geometry": { "type": "Polygon", "coordinates": [ [ [ -72.5712123, 44.2579696 ], [ -72.571251, 44.2579961 ], [ -72.5711971, 44.2580364 ], [ -72.5711585, 44.25801 ], [ -72.5712123, 44.2579696 ] ] ] } },
{ "type": "Feature", "properties": { "osm_id": 1012860290, "name": "" }, "geometry": { "type": "Polygon", "coordinates": [ [ [ -72.5716475, 44.2580714 ], [ -72.5715787, 44.2581299 ], [ -72.5713815, 44.258011 ], [ -72.5714451, 44.2579569 ], [ -72.5714797, 44.2579778 ], [ -72.5714949, 44.2579648 ], [ -72.5715425, 44.2579936 ], [ -72.5715325, 44.258002 ], [ -72.5716475, 44.2580714 ] ] ] } },
{ "type": "Feature", "properties": { "osm_id": 1012860291, "name": "" }, "geometry": { "type": "Polygon", "coordinates": [ [ [ -72.5700035, 44.257671 ], [ -72.569953, 44.2577197 ], [ -72.5698864, 44.2576844 ], [ -72.5699368, 44.2576356 ], [ -72.5700035, 44.257671 ] ] ] } },
{ "type": "Feature", "properties": { "osm_id": 1012863590, "name": "" }, "geometry": { "type": "Polygon", "coordinates": [ [ [ -72.5737343, 44.2566852 ], [ -72.573652, 44.2567357 ], [ -72.5735851, 44.2566875 ], [ -72.573666, 44.2566373 ], [ -72.5737343, 44.2566852 ] ] ] } },
{ "type": "Feature", "properties": { "osm_id": 1012863591, "name": "" }, "geometry": { "type": "Polygon", "coordinates": [ [ [ -72.5736593, 44.2568943 ], [ -72.573589, 44.256936 ], [ -72.5734654, 44.2568291 ], [ -72.5735357, 44.2567875 ], [ -72.5736593, 44.2568943 ] ] ] } },
{ "type": "Feature", "properties": { "osm_id": 1012863592, "name": "" }, "geometry": { "type": "Polygon", "coordinates": [ [ [ -72.5734503, 44.2570153 ], [ -72.5733923, 44.2570506 ], [ -72.5733236, 44.2569926 ], [ -72.5733596, 44.2569707 ], [ -72.5733174, 44.2569351 ], [ -72.5733692, 44.2569036 ], [ -72.5734074, 44.2569358 ], [ -72.5734305, 44.2569218 ], [ -72.5734763, 44.2569605 ], [ -72.5734234, 44.2569926 ], [ -72.5734503, 44.2570153 ] ] ] } },
{ "type": "Feature", "properties": { "osm_id": 1012863593, "name": "" }, "geometry": { "type": "Polygon", "coordinates": [ [ [ -72.5731585, 44.2571743 ], [ -72.573122, 44.2571974 ], [ -72.5731022, 44.2571814 ], [ -72.5730943, 44.2571864 ], [ -72.5730506, 44.2571511 ], [ -72.5731042, 44.2571171 ], [ -72.5731113, 44.2571228 ], [ -72.5731476, 44.2570997 ], [ -72.5731888, 44.257133 ], [ -72.5731432, 44.2571619 ], [ -72.5731585, 44.2571743 ] ] ] } },
{ "type": "Feature", "properties": { "osm_id": 1012863594, "name": "" }, "geometry": { "type": "Polygon", "coordinates": [ [ [ -72.5726504, 44.257322 ], [ -72.5728062, 44.2572258 ], [ -72.572887, 44.257293 ], [ -72.5727312, 44.2573891 ], [ -72.5726504, 44.257322 ] ] ] } },
{ "type": "Feature", "properties": { "osm_id": 1012863595, "name": "" }, "geometry": { "type": "Polygon", "coordinates": [ [ [ -72.5727113, 44.257249 ], [ -72.5726282, 44.2573089 ], [ -72.57253, 44.2572389 ], [ -72.5726132, 44.2571791 ], [ -72.5727113, 44.257249 ] ] ] } },
{ "type": "Feature", "properties": { "osm_id": 1012863596, "name": "" }, "geometry": { "type": "Polygon", "coordinates": [ [ [ -72.5725125, 44.2571006 ], [ -72.5724216, 44.2571661 ], [ -72.5723477, 44.2571136 ], [ -72.5724386, 44.257048 ], [ -72.5725125, 44.2571006 ] ] ] } },
{ "type": "Feature", "properties": { "osm_id": 1012863597, "name": "" }, "geometry": { "type": "Polygon", "coordinates": [ [ [ -72.5721703, 44.257085 ], [ -72.5722115, 44.2570539 ], [ -72.5721529, 44.257014 ], [ -72.5722135, 44.2569683 ], [ -72.5723363, 44.257052 ], [ -72.5722345, 44.2571287 ], [ -72.5721703, 44.257085 ] ] ] } },
{ "type": "Feature", "properties": { "osm_id": 1012863598, "name": "" }, "geometry": { "type": "Polygon", "coordinates": [ [ [ -72.5721621, 44.2569035 ], [ -72.5721018, 44.2569424 ], [ -72.572032, 44.256887 ], [ -72.5720923, 44.256848 ], [ -72.5721621, 44.2569035 ] ] ] } },
{ "type": "Feature", "properties": { "osm_id": 1012863599, "name": "" }, "geometry": { "type": "Polygon", "coordinates": [ [ [ -72.571978, 44.2568282 ], [ -72.5718216, 44.2567435 ], [ -72.5718826, 44.2566856 ], [ -72.5720391, 44.2567704 ], [ -72.571978, 44.2568282 ] ] ] } },
{ "type": "Feature", "properties": { "osm_id": 1012863600, "name": "" }, "geometry": { "type": "Polygon", "coordinates": [ [ [ -72.5723608, 44.257627 ], [ -72.5723303, 44.2576463 ], [ -72.572357, 44.2576682 ], [ -72.5722197, 44.2577569 ], [ -72.5721508, 44.2577007 ], [ -72.5723189, 44.2575936 ], [ -72.5723608, 44.257627 ] ] ] } },
{ "type": "Feature", "properties": { "osm_id": 1012863601, "name": "" }, "geometry": { "type": "Polygon", "coordinates": [ [ [ -72.5710595, 44.2565668 ], [ -72.571113, 44.2565154 ], [ -72.5712099, 44.2565671 ], [ -72.5711564, 44.2566185 ], [ -72.5710595, 44.2565668 ] ] ] } },
{ "type": "Feature", "properties": { "osm_id": 1012863602, "name": "" }, "geometry": { "type": "Polygon", "coordinates": [ [ [ -72.5709016, 44.2566801 ], [ -72.5709665, 44.2566193 ], [ -72.5711419, 44.2567165 ], [ -72.5710809, 44.2567775 ], [ -72.5709016, 44.2566801 ] ] ] } },
{ "type": "Feature", "properties": { "osm_id": 1012863603, "name": "" }, "geometry": { "type": "Polygon", "coordinates": [ [ [ -72.5716536, 44.256917 ], [ -72.5716157, 44.2569471 ], [ -72.5715812, 44.2569252 ], [ -72.5716195, 44.2568951 ], [ -72.5716536, 44.256917 ] ] ] } },
{ "type": "Feature", "properties": { "osm_id": 1012863604, "name": "" }, "geometry": { "type": "Polygon", "coordinates": [ [ [ -72.5715218, 44.2569424 ], [ -72.5714708, 44.2569886 ], [ -72.5714174, 44.2569583 ], [ -72.5714019, 44.2569724 ], [ -72.5713429, 44.256939 ], [ -72.5714094, 44.2568788 ], [ -72.5715218, 44.2569424 ] ] ] } },
{ "type": "Feature", "properties": { "osm_id": 1012863605, "name": "" }, "geometry": { "type": "Polygon", "coordinates": [ [ [ -72.5717799, 44.2570322 ], [ -72.571831, 44.2570619 ], [ -72.5717307, 44.2571506 ], [ -72.5716144, 44.2570831 ], [ -72.5717032, 44.2570047 ], [ -72.5717683, 44.2570425 ], [ -72.5717799, 44.2570322 ] ] ] } },
{ "type": "Feature", "properties": { "osm_id": 1012863606, "name": "" }, "geometry": { "type": "Polygon", "coordinates": [ [ [ -72.5720825, 44.2578367 ], [ -72.5719704, 44.2577479 ], [ -72.572071, 44.2576828 ], [ -72.572183, 44.2577716 ], [ -72.5720825, 44.2578367 ] ] ] } },
{ "type": "Feature", "properties": { "osm_id": 1012863607, "name": "" }, "geometry": { "type": "Polygon", "coordinates": [ [ [ -72.5718687, 44.2578048 ], [ -72.5718875, 44.2577917 ], [ -72.5720031, 44.2578764 ], [ -72.5719487, 44.2579145 ], [ -72.5719299, 44.2579007 ], [ -72.5718842, 44.2579327 ], [ -72.5717812, 44.2578573 ], [ -72.5718138, 44.2578345 ], [ -72.5718008, 44.2578249 ], [ -72.5718496, 44.2577908 ], [ -72.5718687, 44.2578048 ] ] ] } },
{ "type": "Feature", "properties": { "osm_id": 1012863608, "name": "" }, "geometry": { "type": "Polygon", "coordinates": [ [ [ -72.5718608, 44.2577225 ], [ -72.5718986, 44.2577467 ], [ -72.5718418, 44.2577923 ], [ -72.571804, 44.2577681 ], [ -72.5718608, 44.2577225 ] ] ] } },
{ "type": "Feature", "properties": { "osm_id": 1012863609, "name": "" }, "geometry": { "type": "Polygon", "coordinates": [ [ [ -72.5719876, 44.2577161 ], [ -72.5719372, 44.2577619 ], [ -72.5718029, 44.2576859 ], [ -72.5718532, 44.2576402 ], [ -72.5719876, 44.2577161 ] ] ] } },
{ "type": "Feature", "properties": { "osm_id": 1012863610, "name": "" }, "geometry": { "type": "Polygon", "coordinates": [ [ [ -72.5708483, 44.2569253 ], [ -72.5709018, 44.2568749 ], [ -72.5709668, 44.256912 ], [ -72.5709133, 44.2569622 ], [ -72.5708483, 44.2569253 ] ] ] } },
{ "type": "Feature", "properties": { "osm_id": 1012863611, "name": "" }, "geometry": { "type": "Polygon", "coordinates": [ [ [ -72.5706729, 44.256886 ], [ -72.5707566, 44.2568087 ], [ -72.5708635, 44.2568676 ], [ -72.5707837, 44.256945 ], [ -72.5706729, 44.256886 ] ] ] } },
{ "type": "Feature", "properties": { "osm_id": 1012863612, "name": "" }, "geometry": { "type": "Polygon", "coordinates": [ [ [ -72.5706194, 44.25696 ], [ -72.5706676, 44.2569938 ], [ -72.5705929, 44.2570485 ], [ -72.5705446, 44.2570146 ], [ -72.5706194, 44.25696 ] ] ] } },
{ "type": "Feature", "properties": { "osm_id": 1012863613, "name": "" }, "geometry": { "type": "Polygon", "coordinates": [ [ [ -72.5706539, 44.2570684 ], [ -72.5706652, 44.2570754 ], [ -72.5707227, 44.2570277 ], [ -72.5707728, 44.2570587 ], [ -72.5707583, 44.2570707 ], [ -72.5707769, 44.2570823 ], [ -72.5707342, 44.2571177 ], [ -72.5707264, 44.2571129 ], [ -72.5706504, 44.2571761 ], [ -72.570578, 44.2571313 ], [ -72.5706539, 44.2570684 ] ] ] } },
{ "type": "Feature", "properties": { "osm_id": 1012863614, "name": "" }, "geometry": { "type": "Polygon", "coordinates": [ [ [ -72.5708486, 44.2572901 ], [ -72.5707774, 44.2572467 ], [ -72.5708756, 44.2571641 ], [ -72.5708869, 44.257171 ], [ -72.5709094, 44.2571521 ], [ -72.5708443, 44.2571123 ], [ -72.5709021, 44.2570637 ], [ -72.5709985, 44.2571225 ], [ -72.5709522, 44.2571616 ], [ -72.5709739, 44.2571748 ], [ -72.5709218, 44.2572187 ], [ -72.5709286, 44.2572228 ], [ -72.5708486, 44.2572901 ] ] ] } },
{ "type": "Feature", "properties": { "osm_id": 1012863615, "name": "" }, "geometry": { "type": "Polygon", "coordinates": [ [ [ -72.5711771, 44.2572539 ], [ -72.571242, 44.2571997 ], [ -72.5713084, 44.2572405 ], [ -72.5712381, 44.2572992 ], [ -72.5711888, 44.2572689 ], [ -72.5711209, 44.2573255 ], [ -72.5711431, 44.2573392 ], [ -72.5710512, 44.2574159 ], [ -72.5709699, 44.257366 ], [ -72.5711351, 44.2572281 ], [ -72.5711771, 44.2572539 ] ] ] } },
{ "type": "Feature", "properties": { "osm_id": 1012863616, "name": "" }, "geometry": { "type": "Polygon", "coordinates": [ [ [ -72.5714368, 44.2574537 ], [ -72.571395, 44.2574289 ], [ -72.5713449, 44.2574721 ], [ -72.5713587, 44.2574803 ], [ -72.5712807, 44.2575477 ], [ -72.5712229, 44.2575133 ], [ -72.5712041, 44.2575296 ], [ -72.5711674, 44.2575078 ], [ -72.5712117, 44.2574696 ], [ -72.5712194, 44.2574742 ], [ -72.5712838, 44.2574186 ], [ -72.5712992, 44.2574277 ], [ -72.5713418, 44.2573909 ], [ -72.5713606, 44.2574021 ], [ -72.5714026, 44.2573658 ], [ -72.5714832, 44.2574136 ], [ -72.5714368, 44.2574537 ] ] ] } },
{ "type": "Feature", "properties": { "osm_id": 1012863617, "name": "" }, "geometry": { "type": "Polygon", "coordinates": [ [ [ -72.5715844, 44.2575256 ], [ -72.5715576, 44.2575491 ], [ -72.5715672, 44.2575548 ], [ -72.5715389, 44.2575797 ], [ -72.5715504, 44.2575864 ], [ -72.5714638, 44.2576624 ], [ -72.5713831, 44.2576153 ], [ -72.5715248, 44.2574908 ], [ -72.5715844, 44.2575256 ] ] ] } },
{ "type": "Feature", "properties": { "osm_id": 1012863618, "name": "" }, "geometry": { "type": "Polygon", "coordinates": [ [ [ -72.5717821, 44.2576404 ], [ -72.5717611, 44.2576599 ], [ -72.5717769, 44.2576686 ], [ -72.5716625, 44.2577751 ], [ -72.5715726, 44.2577256 ], [ -72.571708, 44.2575996 ], [ -72.5717821, 44.2576404 ] ] ] } },
{ "type": "Feature", "properties": { "osm_id": 1012864408, "name": "" }, "geometry": { "type": "Polygon", "coordinates": [ [ [ -72.5706657, 44.2564944 ], [ -72.5706685, 44.2564916 ], [ -72.5707695, 44.2565423 ], [ -72.5707146, 44.2565985 ], [ -72.5706796, 44.2565809 ], [ -72.570668, 44.2565928 ], [ -72.5705897, 44.2565535 ], [ -72.5705947, 44.2565484 ], [ -72.5705293, 44.2565156 ], [ -72.5705618, 44.2564824 ], [ -72.5704985, 44.2564506 ], [ -72.5705544, 44.2563936 ], [ -72.5706197, 44.2564264 ], [ -72.5705902, 44.2564565 ], [ -72.5706657, 44.2564944 ] ] ] } },
{ "type": "Feature", "properties": { "osm_id": 1012864409, "name": "" }, "geometry": { "type": "Polygon", "coordinates": [ [ [ -72.5702638, 44.2564113 ], [ -72.5701815, 44.2563751 ], [ -72.5702638, 44.2562791 ], [ -72.5703462, 44.2563154 ], [ -72.5702638, 44.2564113 ] ] ] } },
{ "type": "Feature", "properties": { "osm_id": 1012864410, "name": "" }, "geometry": { "type": "Polygon", "coordinates": [ [ [ -72.5700445, 44.2563861 ], [ -72.5699376, 44.2563435 ], [ -72.5699872, 44.2562797 ], [ -72.5700941, 44.2563223 ], [ -72.5700445, 44.2563861 ] ] ] } },
{ "type": "Feature", "properties": { "osm_id": 1012864411, "name": "" }, "geometry": { "type": "Polygon", "coordinates": [ [ [ -72.5701912, 44.2560131 ], [ -72.5702733, 44.2560426 ], [ -72.5702178, 44.2561221 ], [ -72.5701357, 44.2560926 ], [ -72.5701912, 44.2560131 ] ] ] } },
{ "type": "Feature", "properties": { "osm_id": 1012864412, "name": "" }, "geometry": { "type": "Polygon", "coordinates": [ [ [ -72.5700263, 44.2559662 ], [ -72.569981, 44.2560334 ], [ -72.569886, 44.2560005 ], [ -72.5699314, 44.2559333 ], [ -72.5700263, 44.2559662 ] ] ] } },
{ "type": "Feature", "properties": { "osm_id": 1012864421, "name": "" }, "geometry": { "type": "Polygon", "coordinates": [ [ [ -72.5698117, 44.2566586 ], [ -72.5698519, 44.2566233 ], [ -72.5699963, 44.2567079 ], [ -72.5700149, 44.2566857 ], [ -72.5700789, 44.2567155 ], [ -72.5700185, 44.2567703 ], [ -72.5699612, 44.2567383 ], [ -72.5699398, 44.2567574 ], [ -72.5698488, 44.2567041 ], [ -72.5698651, 44.2566898 ], [ -72.5698117, 44.2566586 ] ] ] } },
{ "type": "Feature", "properties": { "osm_id": 1012864422, "name": "" }, "geometry": { "type": "Polygon", "coordinates": [ [ [ -72.570541, 44.2567331 ], [ -72.5705184, 44.2567546 ], [ -72.5705323, 44.2567621 ], [ -72.5704818, 44.2568101 ], [ -72.5703934, 44.2567623 ], [ -72.5704665, 44.2566929 ], [ -72.570541, 44.2567331 ] ] ] } },
{ "type": "Feature", "properties": { "osm_id": 1012864423, "name": "" }, "geometry": { "type": "Polygon", "coordinates": [ [ [ -72.5703321, 44.2568036 ], [ -72.5702847, 44.2568445 ], [ -72.5703032, 44.2568555 ], [ -72.5702263, 44.2569219 ], [ -72.5701592, 44.2568821 ], [ -72.5702835, 44.2567747 ], [ -72.5703321, 44.2568036 ] ] ] } },
{ "type": "Feature", "properties": { "osm_id": 1012869242, "name": "" }, "geometry": { "type": "Polygon", "coordinates": [ [ [ -72.574414, 44.2618652 ], [ -72.5743129, 44.2619266 ], [ -72.5742517, 44.261875 ], [ -72.5743528, 44.2618136 ], [ -72.5743962, 44.2618502 ], [ -72.574414, 44.2618652 ] ] ] } },
{ "type": "Feature", "properties": { "osm_id": 1012869243, "name": "" }, "geometry": { "type": "Polygon", "coordinates": [ [ [ -72.5745597, 44.261752 ], [ -72.5743962, 44.2618502 ], [ -72.5743528, 44.2618136 ], [ -72.5743274, 44.2617933 ], [ -72.5744922, 44.2616944 ], [ -72.5745597, 44.261752 ] ] ] } },
{ "type": "Feature", "properties": { "osm_id": 1012870448, "name": "" }, "geometry": { "type": "Polygon", "coordinates": [ [ [ -72.5731661, 44.2594357 ], [ -72.5732533, 44.2594765 ], [ -72.5731966, 44.2595391 ], [ -72.5731209, 44.2596202 ], [ -72.5730335, 44.2595786 ], [ -72.5731661, 44.2594357 ] ] ] } },
{ "type": "Feature", "properties": { "osm_id": 1012870449, "name": "" }, "geometry": { "type": "Polygon", "coordinates": [ [ [ -72.5736348, 44.2598172 ], [ -72.5737475, 44.2596921 ], [ -72.5738981, 44.2597616 ], [ -72.5738132, 44.259856 ], [ -72.573786, 44.2598435 ], [ -72.5737398, 44.2598949 ], [ -72.5736492, 44.2598531 ], [ -72.5736678, 44.2598324 ], [ -72.5736348, 44.2598172 ] ] ] } },
{ "type": "Feature", "properties": { "osm_id": 1012870450, "name": "" }, "geometry": { "type": "Polygon", "coordinates": [ [ [ -72.5734264, 44.2601621 ], [ -72.5735304, 44.2602152 ], [ -72.5733538, 44.2603927 ], [ -72.5731966, 44.2603125 ], [ -72.5732474, 44.2602614 ], [ -72.5732737, 44.2602748 ], [ -72.5733005, 44.2602479 ], [ -72.5733273, 44.2602616 ], [ -72.5734264, 44.2601621 ] ] ] } },
{ "type": "Feature", "properties": { "osm_id": 1012870922, "name": "" }, "geometry": { "type": "Polygon", "coordinates": [ [ [ -72.571251, 44.2612515 ], [ -72.5712089, 44.2612686 ], [ -72.5711665, 44.2612153 ], [ -72.5712087, 44.2611981 ], [ -72.571251, 44.2612515 ] ] ] } },
{ "type": "Feature", "properties": { "osm_id": 1012870979, "name": "" }, "geometry": { "type": "Polygon", "coordinates": [ [ [ -72.5716172, 44.2617015 ], [ -72.5714802, 44.2617607 ], [ -72.5714474, 44.2617218 ], [ -72.5714979, 44.2617 ], [ -72.5714722, 44.2616695 ], [ -72.5715037, 44.2616559 ], [ -72.571482, 44.2616301 ], [ -72.571537, 44.2616064 ], [ -72.5716172, 44.2617015 ] ] ] } },
{ "type": "Feature", "properties": { "osm_id": 1012870980, "name": "" }, "geometry": { "type": "Polygon", "coordinates": [ [ [ -72.5716973, 44.2616325 ], [ -72.5718231, 44.2617258 ], [ -72.5717693, 44.261763 ], [ -72.5716435, 44.2616697 ], [ -72.5716973, 44.2616325 ] ] ] } },
{ "type": "Feature", "properties": { "osm_id": 1012871177, "name": "" }, "geometry": { "type": "Polygon", "coordinates": [ [ [ -72.5714185, 44.2587351 ], [ -72.571441, 44.2587101 ], [ -72.5716951, 44.258827 ], [ -72.5716717, 44.2588531 ], [ -72.5717688, 44.2588978 ], [ -72.5716779, 44.2589992 ], [ -72.571579, 44.2589537 ], [ -72.5715674, 44.2589666 ], [ -72.5713111, 44.2588487 ], [ -72.5713205, 44.2588383 ], [ -72.5712174, 44.2587908 ], [ -72.5713115, 44.2586859 ], [ -72.5714185, 44.2587351 ] ] ] } },
{ "type": "Feature", "properties": { "osm_id": 1012871178, "name": "" }, "geometry": { "type": "Polygon", "coordinates": [ [ [ -72.5720038, 44.2591377 ], [ -72.5721994, 44.2592432 ], [ -72.5721106, 44.2593276 ], [ -72.571915, 44.259222 ], [ -72.5720038, 44.2591377 ] ] ] } },
{ "type": "Feature", "properties": { "osm_id": 1012871179, "name": "" }, "geometry": { "type": "Polygon", "coordinates": [ [ [ -72.5725419, 44.2591318 ], [ -72.5726186, 44.2591714 ], [ -72.572542, 44.2592473 ], [ -72.5724654, 44.2592077 ], [ -72.5725419, 44.2591318 ] ] ] } },
{ "type": "Feature", "properties": { "osm_id": 1012871180, "name": "" }, "geometry": { "type": "Polygon", "coordinates": [ [ [ -72.5726066, 44.2593119 ], [ -72.5726683, 44.2592415 ], [ -72.5727557, 44.2592808 ], [ -72.572771, 44.2592633 ], [ -72.5728571, 44.2593019 ], [ -72.5727559, 44.2594175 ], [ -72.5726491, 44.2593695 ], [ -72.5726733, 44.2593419 ], [ -72.5726066, 44.2593119 ] ] ] } },
{ "type": "Feature", "properties": { "osm_id": 1012871181, "name": "" }, "geometry": { "type": "Polygon", "coordinates": [ [ [ -72.5726832, 44.2594099 ], [ -72.5726008, 44.2595039 ], [ -72.5724004, 44.2594139 ], [ -72.5724828, 44.2593198 ], [ -72.5726832, 44.2594099 ] ] ] } },
{ "type": "Feature", "properties": { "osm_id": 1012871182, "name": "" }, "geometry": { "type": "Polygon", "coordinates": [ [ [ -72.5721353, 44.2595857 ], [ -72.5722364, 44.2596308 ], [ -72.5721127, 44.2597731 ], [ -72.5719701, 44.2597096 ], [ -72.572029, 44.2596419 ], [ -72.5720704, 44.2596604 ], [ -72.5721353, 44.2595857 ] ] ] } },
{ "type": "Feature", "properties": { "osm_id": 1012871183, "name": "" }, "geometry": { "type": "Polygon", "coordinates": [ [ [ -72.5724221, 44.2596886 ], [ -72.5724221, 44.2596953 ], [ -72.5722617, 44.2598749 ], [ -72.5721846, 44.2598396 ], [ -72.5723494, 44.2596552 ], [ -72.5724221, 44.2596886 ] ] ] } },
{ "type": "Feature", "properties": { "osm_id": 1012876353, "name": "" }, "geometry": { "type": "Polygon", "coordinates": [ [ [ -72.570248, 44.2588905 ], [ -72.5701561, 44.2589306 ], [ -72.5701289, 44.2588986 ], [ -72.5702208, 44.2588585 ], [ -72.570248, 44.2588905 ] ] ] } },
{ "type": "Feature", "properties": { "osm_id": 1012876354, "name": "" }, "geometry": { "type": "Polygon", "coordinates": [ [ [ -72.5700967, 44.2589209 ], [ -72.5699816, 44.2589721 ], [ -72.5699121, 44.2588918 ], [ -72.5700273, 44.2588407 ], [ -72.5700967, 44.2589209 ] ] ] } },
{ "type": "Feature", "properties": { "osm_id": 1012876760, "name": "" }, "geometry": { "type": "Polygon", "coordinates": [ [ [ -72.5708458, 44.2584087 ], [ -72.5708318, 44.2584242 ], [ -72.5708725, 44.258443 ], [ -72.5708238, 44.2584971 ], [ -72.5707893, 44.2584811 ], [ -72.5707812, 44.2584902 ], [ -72.5707504, 44.2584759 ], [ -72.5706589, 44.2585774 ], [ -72.5705927, 44.2585468 ], [ -72.570755, 44.2583668 ], [ -72.5708458, 44.2584087 ] ] ] } },
{ "type": "Feature", "properties": { "osm_id": 1012876761, "name": "" }, "geometry": { "type": "Polygon", "coordinates": [ [ [ -72.5704342, 44.2585465 ], [ -72.570541, 44.2585993 ], [ -72.5704231, 44.2587215 ], [ -72.5703163, 44.2586687 ], [ -72.5704342, 44.2585465 ] ] ] } },
{ "type": "Feature", "properties": { "osm_id": 1012876762, "name": "" }, "geometry": { "type": "Polygon", "coordinates": [ [ [ -72.5704955, 44.2583789 ], [ -72.5705811, 44.25841 ], [ -72.5705223, 44.2584931 ], [ -72.5704367, 44.258462 ], [ -72.5704955, 44.2583789 ] ] ] } },
{ "type": "Feature", "properties": { "osm_id": 1012876763, "name": "" }, "geometry": { "type": "Polygon", "coordinates": [ [ [ -72.5704457, 44.2582413 ], [ -72.5704675, 44.2582521 ], [ -72.5704207, 44.2583006 ], [ -72.570408, 44.2582943 ], [ -72.5703549, 44.2583496 ], [ -72.5702778, 44.2583116 ], [ -72.5703208, 44.2582669 ], [ -72.5703037, 44.2582585 ], [ -72.5703657, 44.258194 ], [ -72.570381, 44.2582015 ], [ -72.5704042, 44.2581774 ], [ -72.5704741, 44.2582118 ], [ -72.5704457, 44.2582413 ] ] ] } },
{ "type": "Feature", "properties": { "osm_id": 1012876766, "name": "" }, "geometry": { "type": "Polygon", "coordinates": [ [ [ -72.5700524, 44.2581546 ], [ -72.5701402, 44.2580619 ], [ -72.5703194, 44.258149 ], [ -72.5702548, 44.2582172 ], [ -72.5701402, 44.2581616 ], [ -72.570117, 44.258186 ], [ -72.5700524, 44.2581546 ] ] ] } },
{ "type": "Feature", "properties": { "osm_id": 1012876767, "name": "" }, "geometry": { "type": "Polygon", "coordinates": [ [ [ -72.5699373, 44.2579577 ], [ -72.5700402, 44.2580107 ], [ -72.5699263, 44.2581241 ], [ -72.5698234, 44.2580711 ], [ -72.5699373, 44.2579577 ] ] ] } },
{ "type": "Feature", "properties": { "osm_id": 1012879148, "name": "" }, "geometry": { "type": "Polygon", "coordinates": [ [ [ -72.5699921, 44.2615565 ], [ -72.5700461, 44.2616274 ], [ -72.5698319, 44.261711 ], [ -72.5697903, 44.2616564 ], [ -72.569823, 44.2616436 ], [ -72.5698106, 44.2616273 ], [ -72.5699921, 44.2615565 ] ] ] } },
{ "type": "Feature", "properties": { "osm_id": 1012879150, "name": "" }, "geometry": { "type": "Polygon", "coordinates": [ [ [ -72.5700924, 44.2617288 ], [ -72.5701364, 44.2618038 ], [ -72.5699412, 44.2618625 ], [ -72.5699368, 44.261855 ], [ -72.5698039, 44.261895 ], [ -72.5697763, 44.2618478 ], [ -72.5696999, 44.2618708 ], [ -72.5696601, 44.2618028 ], [ -72.569742, 44.2617782 ], [ -72.5697537, 44.2617982 ], [ -72.5698409, 44.261772 ], [ -72.5698491, 44.261786 ], [ -72.5699827, 44.2617458 ], [ -72.5699906, 44.2617594 ], [ -72.5700924, 44.2617288 ] ] ] } },
{ "type": "Feature", "properties": { "osm_id": 1012879151, "name": "" }, "geometry": { "type": "Polygon", "coordinates": [ [ [ -72.570186, 44.2618373 ], [ -72.570247, 44.2619307 ], [ -72.5701442, 44.2619651 ], [ -72.5700832, 44.2618718 ], [ -72.570186, 44.2618373 ] ] ] } },
{ "type": "Feature", "properties": { "osm_id": 1058224363, "name": "" }, "geometry": { "type": "Polygon", "coordinates": [ [ [ -72.5749247, 44.2580444 ], [ -72.5748418, 44.2579786 ], [ -72.574869, 44.2579552 ], [ -72.5750238, 44.2578599 ], [ -72.5751962, 44.2577477 ], [ -72.5753192, 44.2578414 ], [ -72.5750255, 44.2580211 ], [ -72.5749885, 44.2579977 ], [ -72.5749247, 44.2580444 ] ] ] } },
{ "type": "Feature", "properties": { "osm_id": 1058224364, "name": "" }, "geometry": { "type": "Polygon", "coordinates": [ [ [ -72.574869, 44.2579552 ], [ -72.574855, 44.2579464 ], [ -72.5747966, 44.2578929 ], [ -72.5747255, 44.2578356 ], [ -72.5748521, 44.2577577 ], [ -72.5749295, 44.2578221 ], [ -72.5749576, 44.2578048 ], [ -72.5750238, 44.2578599 ], [ -72.574869, 44.2579552 ] ] ] } },
{ "type": "Feature", "properties": { "osm_id": 1058224365, "name": "" }, "geometry": { "type": "Polygon", "coordinates": [ [ [ -72.574855, 44.2579464 ], [ -72.5746412, 44.2580661 ], [ -72.5745915, 44.2580205 ], [ -72.5746335, 44.257997 ], [ -72.5746136, 44.2579788 ], [ -72.5747195, 44.2579195 ], [ -72.5747308, 44.2579298 ], [ -72.5747966, 44.2578929 ], [ -72.574855, 44.2579464 ] ] ] } },
{ "type": "Feature", "properties": { "osm_id": 1058224366, "name": "Astrobridge Artistry" }, "geometry": { "type": "Polygon", "coordinates": [ [ [ -72.5744869, 44.2581834 ], [ -72.5744078, 44.2581185 ], [ -72.5744539, 44.2580896 ], [ -72.5744088, 44.2580526 ], [ -72.5744768, 44.2580101 ], [ -72.5745356, 44.2580583 ], [ -72.5745512, 44.2580486 ], [ -72.5745759, 44.2580688 ], [ -72.5745821, 44.2580649 ], [ -72.5746229, 44.2580983 ], [ -72.5744869, 44.2581834 ] ] ] } },
{ "type": "Feature", "properties": { "osm_id": 1058224367, "name": "" }, "geometry": { "type": "Polygon", "coordinates": [ [ [ -72.5742874, 44.2582536 ], [ -72.5744067, 44.2581833 ], [ -72.5743361, 44.2581219 ], [ -72.5742696, 44.2581612 ], [ -72.5742848, 44.2581744 ], [ -72.5742321, 44.2582055 ], [ -72.5742874, 44.2582536 ] ] ] } },
{ "type": "Feature", "properties": { "osm_id": 1058224368, "name": "" }, "geometry": { "type": "Polygon", "coordinates": [ [ [ -72.5740136, 44.2580942 ], [ -72.5739411, 44.2580472 ], [ -72.5740634, 44.2579539 ], [ -72.5741495, 44.2580326 ], [ -72.5740815, 44.2580691 ], [ -72.5740623, 44.2580593 ], [ -72.5740136, 44.2580942 ] ] ] } },
{ "type": "Feature", "properties": { "osm_id": 1058224369, "name": "" }, "geometry": { "type": "Polygon", "coordinates": [ [ [ -72.5739071, 44.2582261 ], [ -72.5737822, 44.2581229 ], [ -72.5738764, 44.2580644 ], [ -72.5740014, 44.2581676 ], [ -72.5739071, 44.2582261 ] ] ] } },
{ "type": "Feature", "properties": { "osm_id": 1058224370, "name": "" }, "geometry": { "type": "Polygon", "coordinates": [ [ [ -72.57373, 44.2580779 ], [ -72.573619, 44.2579993 ], [ -72.573764, 44.2579027 ], [ -72.573875, 44.257992 ], [ -72.57373, 44.2580779 ] ] ] } },
{ "type": "Feature", "properties": { "osm_id": 1058224371, "name": "" }, "geometry": { "type": "Polygon", "coordinates": [ [ [ -72.5735124, 44.2578828 ], [ -72.5734313, 44.2578188 ], [ -72.5735326, 44.257753 ], [ -72.57355, 44.2577668 ], [ -72.5735934, 44.2577387 ], [ -72.5737139, 44.2578339 ], [ -72.5736394, 44.2578823 ], [ -72.5735825, 44.2578374 ], [ -72.5735124, 44.2578828 ] ] ] } },
{ "type": "Feature", "properties": { "osm_id": 1058224372, "name": "" }, "geometry": { "type": "Polygon", "coordinates": [ [ [ -72.5733264, 44.2581576 ], [ -72.5732931, 44.2581311 ], [ -72.5733961, 44.2580647 ], [ -72.5734763, 44.2581285 ], [ -72.5734157, 44.2581675 ], [ -72.5733688, 44.2581302 ], [ -72.5733264, 44.2581576 ] ] ] } },
{ "type": "Feature", "properties": { "osm_id": 1058224373, "name": "" }, "geometry": { "type": "Polygon", "coordinates": [ [ [ -72.5731369, 44.2581267 ], [ -72.5733181, 44.2580067 ], [ -72.5732433, 44.2579443 ], [ -72.5730621, 44.2580708 ], [ -72.5731369, 44.2581267 ] ] ] } },
{ "type": "Feature", "properties": { "osm_id": 1058224374, "name": "" }, "geometry": { "type": "Polygon", "coordinates": [ [ [ -72.5733555, 44.2577761 ], [ -72.5732744, 44.2577133 ], [ -72.5734083, 44.2576246 ], [ -72.5735242, 44.2577144 ], [ -72.5734874, 44.2577388 ], [ -72.5734526, 44.2577119 ], [ -72.5733555, 44.2577761 ] ] ] } },
{ "type": "Feature", "properties": { "osm_id": 1058224375, "name": "" }, "geometry": { "type": "Polygon", "coordinates": [ [ [ -72.5731684, 44.2576275 ], [ -72.573068, 44.2575385 ], [ -72.5731951, 44.257465 ], [ -72.5732955, 44.257554 ], [ -72.5731684, 44.2576275 ] ] ] } },
{ "type": "Feature", "properties": { "osm_id": 1058224376, "name": "" }, "geometry": { "type": "Polygon", "coordinates": [ [ [ -72.5728076, 44.2578963 ], [ -72.5726309, 44.2577795 ], [ -72.572709, 44.2577171 ], [ -72.5728834, 44.2578549 ], [ -72.5728076, 44.2578963 ] ] ] } },
{ "type": "Feature", "properties": { "osm_id": 1058224377, "name": "" }, "geometry": { "type": "Polygon", "coordinates": [ [ [ -72.5728257, 44.2580407 ], [ -72.5725369, 44.2578825 ], [ -72.5726117, 44.2578298 ], [ -72.5728914, 44.257992 ], [ -72.5728257, 44.2580407 ] ] ] } },
{ "type": "Feature", "properties": { "osm_id": 1058224378, "name": "" }, "geometry": { "type": "Polygon", "coordinates": [ [ [ -72.5733477, 44.2573529 ], [ -72.5732152, 44.2574308 ], [ -72.5733387, 44.2575346 ], [ -72.5734655, 44.2574559 ], [ -72.5733477, 44.2573529 ] ] ] } },
{ "type": "Feature", "properties": { "osm_id": 1058224379, "name": "" }, "geometry": { "type": "Polygon", "coordinates": [ [ [ -72.5735357, 44.2574081 ], [ -72.5733914, 44.2572783 ], [ -72.5734644, 44.2572593 ], [ -72.5734931, 44.257262 ], [ -72.5735119, 44.2572512 ], [ -72.5736278, 44.2573555 ], [ -72.5735357, 44.2574081 ] ] ] } },
{ "type": "Feature", "properties": { "osm_id": 1073120161, "name": "" }, "geometry": { "type": "Polygon", "coordinates": [ [ [ -72.5758285, 44.2585359 ], [ -72.5760214, 44.2584143 ], [ -72.575893, 44.2583239 ], [ -72.5758451, 44.2583442 ], [ -72.5758487, 44.2583628 ], [ -72.5757226, 44.2584561 ], [ -72.5758285, 44.2585359 ] ] ] } },
{ "type": "Feature", "properties": { "osm_id": 1242344167, "name": "" }, "geometry": { "type": "Polygon", "coordinates": [ [ [ -72.5767154, 44.2581664 ], [ -72.5767565, 44.2581308 ], [ -72.5766989, 44.2580955 ], [ -72.5766214, 44.2580481 ], [ -72.5765869, 44.2580894 ], [ -72.5767154, 44.2581664 ] ] ] } },
{ "type": "Feature", "properties": { "osm_id": 1242344170, "name": "" }, "geometry": { "type": "Polygon", "coordinates": [ [ [ -72.5762306, 44.2597025 ], [ -72.5763478, 44.2595691 ], [ -72.5762488, 44.2595261 ], [ -72.5761157, 44.2594667 ], [ -72.576002, 44.2595995 ], [ -72.5762306, 44.2597025 ] ] ] } },
{ "type": "Feature", "properties": { "osm_id": 1242586752, "name": "" }, "geometry": { "type": "Polygon", "coordinates": [ [ [ -72.5761636, 44.2597903 ], [ -72.5762306, 44.2597025 ], [ -72.576002, 44.2595995 ], [ -72.5759365, 44.2596879 ], [ -72.5761636, 44.2597903 ] ] ] } },
{ "type": "Feature", "properties": { "osm_id": 1242586753, "name": "" }, "geometry": { "type": "Polygon", "coordinates": [ [ [ -72.5762488, 44.2595261 ], [ -72.5763274, 44.2594358 ], [ -72.5761992, 44.2593798 ], [ -72.5761157, 44.2594667 ], [ -72.5762488, 44.2595261 ] ] ] } },
{ "type": "Feature", "properties": { "osm_id": 1242586754, "name": "" }, "geometry": { "type": "Polygon", "coordinates": [ [ [ -72.5765715, 44.2593167 ], [ -72.5766506, 44.2592198 ], [ -72.5764326, 44.2591212 ], [ -72.5763509, 44.2592155 ], [ -72.5765715, 44.2593167 ] ] ] } },
{ "type": "Feature", "properties": { "osm_id": 1242586755, "name": "" }, "geometry": { "type": "Polygon", "coordinates": [ [ [ -72.5764314, 44.2594826 ], [ -72.5764846, 44.2594198 ], [ -72.5767551, 44.2595472 ], [ -72.576799, 44.2594986 ], [ -72.5768477, 44.2594447 ], [ -72.5765715, 44.2593167 ], [ -72.5763509, 44.2592155 ], [ -72.5761992, 44.2593798 ], [ -72.5763274, 44.2594358 ], [ -72.5764314, 44.2594826 ] ] ] } },
{ "type": "Feature", "properties": { "osm_id": 1283776760, "name": "" }, "geometry": { "type": "Polygon", "coordinates": [ [ [ -72.5755588, 44.2580059 ], [ -72.5754875, 44.2580544 ], [ -72.5753617, 44.2579596 ], [ -72.5753963, 44.2579361 ], [ -72.5754109, 44.2579471 ], [ -72.5754476, 44.2579221 ], [ -72.5755588, 44.2580059 ] ] ] } },
{ "type": "Feature", "properties": { "osm_id": 1283776761, "name": "" }, "geometry": { "type": "Polygon", "coordinates": [ [ [ -72.5754247, 44.2580994 ], [ -72.5753567, 44.2581421 ], [ -72.575265, 44.2580667 ], [ -72.5753296, 44.2580247 ], [ -72.5754247, 44.2580994 ] ] ] } },
{ "type": "Feature", "properties": { "osm_id": 1283776762, "name": "" }, "geometry": { "type": "Polygon", "coordinates": [ [ [ -72.5751649, 44.2581053 ], [ -72.5752344, 44.2580605 ], [ -72.5753361, 44.2581413 ], [ -72.5752666, 44.2581861 ], [ -72.5751649, 44.2581053 ] ] ] } },
{ "type": "Feature", "properties": { "osm_id": 1283776763, "name": "" }, "geometry": { "type": "Polygon", "coordinates": [ [ [ -72.5750144, 44.2581987 ], [ -72.5750987, 44.2581459 ], [ -72.5752022, 44.2582317 ], [ -72.5751184, 44.2582835 ], [ -72.5750144, 44.2581987 ] ] ] } },
{ "type": "Feature", "properties": { "osm_id": 1283776764, "name": "" }, "geometry": { "type": "Polygon", "coordinates": [ [ [ -72.5748811, 44.2582833 ], [ -72.5749608, 44.2582308 ], [ -72.5750642, 44.2583153 ], [ -72.5749841, 44.2583674 ], [ -72.5748811, 44.2582833 ] ] ] } },
{ "type": "Feature", "properties": { "osm_id": 1283776765, "name": "" }, "geometry": { "type": "Polygon", "coordinates": [ [ [ -72.5749439, 44.2583967 ], [ -72.5748066, 44.2584906 ], [ -72.5746958, 44.2584079 ], [ -72.5748369, 44.2583136 ], [ -72.5749439, 44.2583967 ] ] ] } },
{ "type": "Feature", "properties": { "osm_id": 1283776766, "name": "" }, "geometry": { "type": "Polygon", "coordinates": [ [ [ -72.5743554, 44.2570731 ], [ -72.5744279, 44.2571348 ], [ -72.5742144, 44.2572645 ], [ -72.5741607, 44.2572192 ], [ -72.5742788, 44.2571473 ], [ -72.57426, 44.2571314 ], [ -72.5743554, 44.2570731 ] ] ] } },
{ "type": "Feature", "properties": { "osm_id": 1283776767, "name": "" }, "geometry": { "type": "Polygon", "coordinates": [ [ [ -72.5740579, 44.2572066 ], [ -72.57407, 44.2571988 ], [ -72.5741315, 44.2572496 ], [ -72.5741257, 44.2572536 ], [ -72.5740588, 44.257299 ], [ -72.5739977, 44.2572447 ], [ -72.5740579, 44.2572066 ] ] ] } },
{ "type": "Feature", "properties": { "osm_id": 1283776768, "name": "" }, "geometry": { "type": "Polygon", "coordinates": [ [ [ -72.5741671, 44.2569405 ], [ -72.5741873, 44.2569554 ], [ -72.5742089, 44.2569396 ], [ -72.5742531, 44.2569724 ], [ -72.5741947, 44.2570123 ], [ -72.5742471, 44.2570503 ], [ -72.5741887, 44.2570895 ], [ -72.5740355, 44.2569768 ], [ -72.5740557, 44.2569629 ], [ -72.5740535, 44.2569578 ], [ -72.5740495, 44.2569566 ], [ -72.5740493, 44.2569531 ], [ -72.5740455, 44.2569512 ], [ -72.5740453, 44.2569476 ], [ -72.5740451, 44.2569443 ], [ -72.5740411, 44.2569437 ], [ -72.5740409, 44.2569406 ], [ -72.5740407, 44.2569376 ], [ -72.5740405, 44.2569343 ], [ -72.5740403, 44.2569313 ], [ -72.5740401, 44.2569281 ], [ -72.5740399, 44.256925 ], [ -72.5740436, 44.2569226 ], [ -72.5740434, 44.2569197 ], [ -72.5740432, 44.2569166 ], [ -72.5740466, 44.2569147 ], [ -72.5740464, 44.2569116 ], [ -72.5740502, 44.25691 ], [ -72.5740499, 44.2569067 ], [ -72.5740536, 44.2569035 ], [ -72.5740573, 44.2569006 ], [ -72.5740608, 44.256898 ], [ -72.5740645, 44.2568961 ], [ -72.5740683, 44.2568943 ], [ -72.5740721, 44.2568927 ], [ -72.5740759, 44.2568912 ], [ -72.5740794, 44.2568902 ], [ -72.5740832, 44.2568894 ], [ -72.5740871, 44.2568885 ], [ -72.574091, 44.256888 ], [ -72.5740984, 44.2568876 ], [ -72.5741062, 44.2568874 ], [ -72.5741097, 44.2568876 ], [ -72.5741138, 44.256888 ], [ -72.5741177, 44.2568888 ], [ -72.5741217, 44.2568894 ], [ -72.5741252, 44.2568903 ], [ -72.5741292, 44.2568916 ], [ -72.5741332, 44.2568931 ], [ -72.5741374, 44.256895 ], [ -72.574141, 44.2568971 ], [ -72.5741451, 44.2568996 ], [ -72.5741492, 44.2569024 ], [ -72.5741531, 44.2569029 ], [ -72.5741533, 44.2569063 ], [ -72.574157, 44.2569075 ], [ -72.5741572, 44.2569108 ], [ -72.5741612, 44.2569114 ], [ -72.5741614, 44.2569148 ], [ -72.5741617, 44.2569187 ], [ -72.5741658, 44.2569215 ], [ -72.574166, 44.2569249 ], [ -72.5741662, 44.2569282 ], [ -72.5741664, 44.2569311 ], [ -72.5741666, 44.2569342 ], [ -72.5741668, 44.2569374 ], [ -72.5741671, 44.2569405 ] ] ] } },
{ "type": "Feature", "properties": { "osm_id": 1283776769, "name": "" }, "geometry": { "type": "Polygon", "coordinates": [ [ [ -72.5736466, 44.2571621 ], [ -72.5736618, 44.2571743 ], [ -72.5736963, 44.2571552 ], [ -72.5737915, 44.2572443 ], [ -72.5737039, 44.2572923 ], [ -72.5735969, 44.257191 ], [ -72.5736466, 44.2571621 ] ] ] } },
{ "type": "Feature", "properties": { "osm_id": 1283776770, "name": "" }, "geometry": { "type": "Polygon", "coordinates": [ [ [ -72.5738224, 44.257264 ], [ -72.5737324, 44.2573138 ], [ -72.5737948, 44.2573654 ], [ -72.5738873, 44.2573156 ], [ -72.5738224, 44.257264 ] ] ] } },
{ "type": "Feature", "properties": { "osm_id": 1283776771, "name": "" }, "geometry": { "type": "Polygon", "coordinates": [ [ [ -72.5723575, 44.2580756 ], [ -72.5722964, 44.2580202 ], [ -72.5724528, 44.2579336 ], [ -72.57251, 44.257989 ], [ -72.5723575, 44.2580756 ] ] ] } },
{ "type": "Feature", "properties": { "osm_id": 1283776772, "name": "" }, "geometry": { "type": "Polygon", "coordinates": [ [ [ -72.5725066, 44.2580877 ], [ -72.5725789, 44.258042 ], [ -72.5726553, 44.2581049 ], [ -72.5725791, 44.2581508 ], [ -72.5725066, 44.2580877 ] ] ] } },
{ "type": "Feature", "properties": { "osm_id": 1283776773, "name": "" }, "geometry": { "type": "Polygon", "coordinates": [ [ [ -72.5720445, 44.258115 ], [ -72.572159, 44.2580446 ], [ -72.5723232, 44.2581812 ], [ -72.5722469, 44.2582274 ], [ -72.5721936, 44.2581813 ], [ -72.5721514, 44.2582054 ], [ -72.5720445, 44.258115 ] ] ] } },
{ "type": "Feature", "properties": { "osm_id": 1283776774, "name": "" }, "geometry": { "type": "Polygon", "coordinates": [ [ [ -72.5722055, 44.2582615 ], [ -72.5721059, 44.2583209 ], [ -72.5720904, 44.2583077 ], [ -72.5720216, 44.2583488 ], [ -72.5719845, 44.2583169 ], [ -72.5719632, 44.2583296 ], [ -72.571866, 44.2582461 ], [ -72.5719545, 44.2581933 ], [ -72.5720291, 44.2582574 ], [ -72.5721304, 44.2581969 ], [ -72.5722055, 44.2582615 ] ] ] } },
{ "type": "Feature", "properties": { "osm_id": 1283776775, "name": "" }, "geometry": { "type": "Polygon", "coordinates": [ [ [ -72.5717203, 44.2583049 ], [ -72.571793, 44.2582583 ], [ -72.5719035, 44.2583454 ], [ -72.571835, 44.2583922 ], [ -72.5717203, 44.2583049 ] ] ] } },
{ "type": "Feature", "properties": { "osm_id": 1283776776, "name": "" }, "geometry": { "type": "Polygon", "coordinates": [ [ [ -72.5717817, 44.2584188 ], [ -72.5716977, 44.2584728 ], [ -72.5716594, 44.2584423 ], [ -72.5716063, 44.2584764 ], [ -72.5715335, 44.2584184 ], [ -72.5716705, 44.2583302 ], [ -72.5717817, 44.2584188 ] ] ] } },
{ "type": "Feature", "properties": { "osm_id": 1283776777, "name": "" }, "geometry": { "type": "Polygon", "coordinates": [ [ [ -72.5718161, 44.2585938 ], [ -72.5717284, 44.2585473 ], [ -72.5718503, 44.2584324 ], [ -72.5719573, 44.2584908 ], [ -72.5719154, 44.2585334 ], [ -72.5718923, 44.2585211 ], [ -72.5718161, 44.2585938 ] ] ] } },
{ "type": "Feature", "properties": { "osm_id": 1283776778, "name": "" }, "geometry": { "type": "Polygon", "coordinates": [ [ [ -72.5722095, 44.2586695 ], [ -72.572114, 44.258628 ], [ -72.5722206, 44.2585044 ], [ -72.5723275, 44.2585515 ], [ -72.5722095, 44.2586695 ] ] ] } },
{ "type": "Feature", "properties": { "osm_id": 1283776779, "name": "" }, "geometry": { "type": "Polygon", "coordinates": [ [ [ -72.5724383, 44.2585404 ], [ -72.5723658, 44.2585076 ], [ -72.5724115, 44.2584527 ], [ -72.572484, 44.2584856 ], [ -72.5724383, 44.2585404 ] ] ] } },
{ "type": "Feature", "properties": { "osm_id": 1283776795, "name": "" }, "geometry": { "type": "Polygon", "coordinates": [ [ [ -72.5730492, 44.2586251 ], [ -72.5729267, 44.2585643 ], [ -72.5729841, 44.2585039 ], [ -72.5731063, 44.2585648 ], [ -72.5730492, 44.2586251 ] ] ] } },
{ "type": "Feature", "properties": { "osm_id": 1283776796, "name": "" }, "geometry": { "type": "Polygon", "coordinates": [ [ [ -72.5730798, 44.2586328 ], [ -72.5731749, 44.258656 ], [ -72.573141, 44.2587287 ], [ -72.5730454, 44.2587051 ], [ -72.5730798, 44.2586328 ] ] ] } },
{ "type": "Feature", "properties": { "osm_id": 1283776797, "name": "" }, "geometry": { "type": "Polygon", "coordinates": [ [ [ -72.5727942, 44.2586343 ], [ -72.5728858, 44.2586762 ], [ -72.5727369, 44.2588413 ], [ -72.5726453, 44.2587989 ], [ -72.5727942, 44.2586343 ] ] ] } },
{ "type": "Feature", "properties": { "osm_id": 1283776798, "name": "" }, "geometry": { "type": "Polygon", "coordinates": [ [ [ -72.5731345, 44.259075 ], [ -72.5730318, 44.2591963 ], [ -72.5728979, 44.2591383 ], [ -72.5729666, 44.2590592 ], [ -72.5729893, 44.2590696 ], [ -72.5730237, 44.2590267 ], [ -72.5731345, 44.259075 ] ] ] } },
{ "type": "Feature", "properties": { "osm_id": 1283776799, "name": "" }, "geometry": { "type": "Polygon", "coordinates": [ [ [ -72.5731873, 44.2591522 ], [ -72.5732597, 44.2591842 ], [ -72.5732445, 44.2591993 ], [ -72.5733932, 44.259265 ], [ -72.5733401, 44.2593282 ], [ -72.5731185, 44.25923 ], [ -72.5731873, 44.2591522 ] ] ] } },
{ "type": "Feature", "properties": { "osm_id": 1283776800, "name": "" }, "geometry": { "type": "Polygon", "coordinates": [ [ [ -72.5741257, 44.2582375 ], [ -72.5741968, 44.2582968 ], [ -72.5741819, 44.258306 ], [ -72.5742207, 44.2583384 ], [ -72.5741737, 44.2583673 ], [ -72.574133, 44.2583334 ], [ -72.5741178, 44.2583427 ], [ -72.5740485, 44.258285 ], [ -72.5741257, 44.2582375 ] ] ] } },
{ "type": "Feature", "properties": { "osm_id": 1283787785, "name": "" }, "geometry": { "type": "Polygon", "coordinates": [ [ [ -72.5736031, 44.2593574 ], [ -72.5736416, 44.2593723 ], [ -72.5736876, 44.2593115 ], [ -72.573742, 44.2593326 ], [ -72.5737528, 44.2593184 ], [ -72.5737905, 44.259333 ], [ -72.5737544, 44.2593807 ], [ -72.5737225, 44.2593683 ], [ -72.573708, 44.2593876 ], [ -72.5737248, 44.2593941 ], [ -72.5736592, 44.2594808 ], [ -72.5735437, 44.259436 ], [ -72.5736031, 44.2593574 ] ] ] } },
{ "type": "Feature", "properties": { "osm_id": 1283787786, "name": "" }, "geometry": { "type": "Polygon", "coordinates": [ [ [ -72.573829, 44.2595478 ], [ -72.5737487, 44.2595193 ], [ -72.5738249, 44.2594044 ], [ -72.5739051, 44.2594326 ], [ -72.573829, 44.2595478 ] ] ] } },
{ "type": "Feature", "properties": { "osm_id": 1283787787, "name": "" }, "geometry": { "type": "Polygon", "coordinates": [ [ [ -72.5739798, 44.2595902 ], [ -72.5738995, 44.2595575 ], [ -72.5739831, 44.2594503 ], [ -72.5739526, 44.2594385 ], [ -72.573983, 44.2594001 ], [ -72.5740559, 44.2594289 ], [ -72.5740328, 44.2594586 ], [ -72.5740559, 44.2594681 ], [ -72.5740176, 44.2595134 ], [ -72.5740329, 44.2595189 ], [ -72.5739798, 44.2595902 ] ] ] } },
{ "type": "Feature", "properties": { "osm_id": 1283787788, "name": "" }, "geometry": { "type": "Polygon", "coordinates": [ [ [ -72.5740986, 44.2594257 ], [ -72.5740376, 44.2594033 ], [ -72.5741251, 44.2592844 ], [ -72.5741822, 44.2593071 ], [ -72.5740986, 44.2594257 ] ] ] } },
{ "type": "Feature", "properties": { "osm_id": 1283787790, "name": "" }, "geometry": { "type": "Polygon", "coordinates": [ [ [ -72.57466, 44.2584315 ], [ -72.5747681, 44.2585196 ], [ -72.574692, 44.258568 ], [ -72.5745816, 44.2584813 ], [ -72.57466, 44.2584315 ] ] ] } },
{ "type": "Feature", "properties": { "osm_id": 1283787792, "name": "" }, "geometry": { "type": "Polygon", "coordinates": [ [ [ -72.5727209, 44.2570233 ], [ -72.572623, 44.2569446 ], [ -72.5726578, 44.2569223 ], [ -72.5726058, 44.2568806 ], [ -72.5726751, 44.2568364 ], [ -72.5727382, 44.2568871 ], [ -72.5727171, 44.2569006 ], [ -72.5728039, 44.2569704 ], [ -72.5727209, 44.2570233 ] ] ] } },
{ "type": "Feature", "properties": { "osm_id": 1283787808, "name": "" }, "geometry": { "type": "Polygon", "coordinates": [ [ [ -72.5754265, 44.2570049 ], [ -72.5755028, 44.2569636 ], [ -72.5755561, 44.2570139 ], [ -72.5754837, 44.2570551 ], [ -72.5754265, 44.2570049 ] ] ] } },
{ "type": "Feature", "properties": { "osm_id": 1283800245, "name": "" }, "geometry": { "type": "Polygon", "coordinates": [ [ [ -72.5806733, 44.2608696 ], [ -72.5807383, 44.2607175 ], [ -72.5806438, 44.2606978 ], [ -72.5805767, 44.2608485 ], [ -72.5806733, 44.2608696 ] ] ] } },
{ "type": "Feature", "properties": { "osm_id": 1284954939, "name": "" }, "geometry": { "type": "Polygon", "coordinates": [ [ [ -72.5767759, 44.2561385 ], [ -72.5768215, 44.2560986 ], [ -72.5767843, 44.2560768 ], [ -72.5767386, 44.2561167 ], [ -72.5767759, 44.2561385 ] ] ] } },
{ "type": "Feature", "properties": { "osm_id": 1284983377, "name": "" }, "geometry": { "type": "Polygon", "coordinates": [ [ [ -72.5746536, 44.2565726 ], [ -72.5747414, 44.2566443 ], [ -72.5746843, 44.2566787 ], [ -72.5746001, 44.2566069 ], [ -72.5746536, 44.2565726 ] ] ] } },
{ "type": "Feature", "properties": { "osm_id": 1284983378, "name": "" }, "geometry": { "type": "Polygon", "coordinates": [ [ [ -72.5739249, 44.2561672 ], [ -72.573847, 44.2561034 ], [ -72.5741329, 44.2559393 ], [ -72.5743606, 44.2561232 ], [ -72.5742365, 44.2562021 ], [ -72.5740763, 44.2560727 ], [ -72.5739249, 44.2561672 ] ] ] } },
{ "type": "Feature", "properties": { "osm_id": 1284983379, "name": "" }, "geometry": { "type": "Polygon", "coordinates": [ [ [ -72.5739942, 44.2562278 ], [ -72.5739589, 44.2562498 ], [ -72.5739056, 44.2562842 ], [ -72.5738192, 44.2562154 ], [ -72.5737268, 44.2562742 ], [ -72.5736572, 44.2562189 ], [ -72.5738372, 44.2561029 ], [ -72.5739942, 44.2562278 ] ] ] } },
{ "type": "Feature", "properties": { "osm_id": 1284983381, "name": "" }, "geometry": { "type": "Polygon", "coordinates": [ [ [ -72.5736255, 44.2560665 ], [ -72.5736464, 44.2560812 ], [ -72.5737265, 44.2560232 ], [ -72.5737711, 44.2560548 ], [ -72.5737577, 44.2560645 ], [ -72.5737991, 44.2560938 ], [ -72.5736625, 44.2561929 ], [ -72.5735555, 44.2561172 ], [ -72.5736255, 44.2560665 ] ] ] } },
{ "type": "Feature", "properties": { "osm_id": 1284983382, "name": "" }, "geometry": { "type": "Polygon", "coordinates": [ [ [ -72.5733651, 44.2559829 ], [ -72.5736243, 44.2558067 ], [ -72.5736701, 44.2558416 ], [ -72.5737198, 44.2558081 ], [ -72.5737617, 44.2558395 ], [ -72.5734528, 44.2560501 ], [ -72.5733651, 44.2559829 ] ] ] } },
{ "type": "Feature", "properties": { "osm_id": 1284983383, "name": "" }, "geometry": { "type": "Polygon", "coordinates": [ [ [ -72.5731327, 44.2555831 ], [ -72.5731978, 44.2556332 ], [ -72.5731254, 44.2556832 ], [ -72.5732284, 44.2557607 ], [ -72.5731448, 44.2558176 ], [ -72.5729764, 44.2556898 ], [ -72.5731327, 44.2555831 ] ] ] } },
{ "type": "Feature", "properties": { "osm_id": 1284983384, "name": "" }, "geometry": { "type": "Polygon", "coordinates": [ [ [ -72.5730024, 44.2554914 ], [ -72.5731371, 44.2554056 ], [ -72.5731559, 44.2554207 ], [ -72.5731902, 44.2553988 ], [ -72.573264, 44.2554583 ], [ -72.573095, 44.2555659 ], [ -72.5730024, 44.2554914 ] ] ] } },
{ "type": "Feature", "properties": { "osm_id": 1284983385, "name": "" }, "geometry": { "type": "Polygon", "coordinates": [ [ [ -72.5729497, 44.2555032 ], [ -72.5728929, 44.2554582 ], [ -72.5728774, 44.2554668 ], [ -72.5728482, 44.2554489 ], [ -72.5727337, 44.255526 ], [ -72.5728258, 44.2555901 ], [ -72.5729497, 44.2555032 ] ] ] } },
{ "type": "Feature", "properties": { "osm_id": 1284983388, "name": "" }, "geometry": { "type": "Polygon", "coordinates": [ [ [ -72.5726804, 44.2560591 ], [ -72.572812, 44.2559564 ], [ -72.5728462, 44.2559789 ], [ -72.57287, 44.2559604 ], [ -72.5729607, 44.25602 ], [ -72.5728742, 44.2560874 ], [ -72.5728143, 44.2560479 ], [ -72.5727452, 44.2561017 ], [ -72.5726804, 44.2560591 ] ] ] } },
{ "type": "Feature", "properties": { "osm_id": 1284983389, "name": "" }, "geometry": { "type": "Polygon", "coordinates": [ [ [ -72.5729002, 44.256142 ], [ -72.5730142, 44.25606 ], [ -72.5731112, 44.256129 ], [ -72.5729972, 44.256211 ], [ -72.5729002, 44.256142 ] ] ] } },
{ "type": "Feature", "properties": { "osm_id": 1284983390, "name": "" }, "geometry": { "type": "Polygon", "coordinates": [ [ [ -72.5732092, 44.256422 ], [ -72.5732402, 44.256449 ], [ -72.5731762, 44.256486 ], [ -72.5730422, 44.256368 ], [ -72.5732062, 44.256272 ], [ -72.5733092, 44.256364 ], [ -72.5732092, 44.256422 ] ] ] } },
{ "type": "Feature", "properties": { "osm_id": 1284983391, "name": "" }, "geometry": { "type": "Polygon", "coordinates": [ [ [ -72.5729032, 44.256448 ], [ -72.5729692, 44.256404 ], [ -72.5730312, 44.256451 ], [ -72.5729652, 44.256495 ], [ -72.5729032, 44.256448 ] ] ] } },
{ "type": "Feature", "properties": { "osm_id": 1284983392, "name": "" }, "geometry": { "type": "Polygon", "coordinates": [ [ [ -72.5735188, 44.2564773 ], [ -72.573544, 44.2564961 ], [ -72.5734472, 44.2565629 ], [ -72.573435, 44.2565539 ], [ -72.5733654, 44.2566019 ], [ -72.5733526, 44.2565924 ], [ -72.5733434, 44.2565987 ], [ -72.5732795, 44.2565512 ], [ -72.5733406, 44.256509 ], [ -72.5733359, 44.2565054 ], [ -72.5733723, 44.2564804 ], [ -72.5733581, 44.2564698 ], [ -72.5734481, 44.2564077 ], [ -72.5735306, 44.2564692 ], [ -72.5735188, 44.2564773 ] ] ] } },
{ "type": "Feature", "properties": { "osm_id": 1284983393, "name": "" }, "geometry": { "type": "Polygon", "coordinates": [ [ [ -72.5732832, 44.2566863 ], [ -72.5732148, 44.256729 ], [ -72.5730926, 44.256629 ], [ -72.5731649, 44.2565863 ], [ -72.5732029, 44.2566206 ], [ -72.5732299, 44.2566055 ], [ -72.573264, 44.2566348 ], [ -72.5732374, 44.2566508 ], [ -72.5732832, 44.2566863 ] ] ] } },
{ "type": "Feature", "properties": { "osm_id": 1284983394, "name": "" }, "geometry": { "type": "Polygon", "coordinates": [ [ [ -72.5731154, 44.2567721 ], [ -72.5730392, 44.2568238 ], [ -72.5729209, 44.2567305 ], [ -72.5729854, 44.2566871 ], [ -72.573016, 44.2567127 ], [ -72.5730277, 44.2567044 ], [ -72.5731154, 44.2567721 ] ] ] } },
{ "type": "Feature", "properties": { "osm_id": 1289353820, "name": "" }, "geometry": { "type": "Polygon", "coordinates": [ [ [ -72.5722048, 44.2566393 ], [ -72.5722858, 44.2565792 ], [ -72.5724098, 44.2566642 ], [ -72.5723289, 44.2567243 ], [ -72.5722048, 44.2566393 ] ] ] } },
{ "type": "Feature", "properties": { "osm_id": 1289353821, "name": "" }, "geometry": { "type": "Polygon", "coordinates": [ [ [ -72.572162, 44.2564838 ], [ -72.5720719, 44.2565548 ], [ -72.571939, 44.2564678 ], [ -72.5720289, 44.2563968 ], [ -72.572162, 44.2564838 ] ] ] } },
{ "type": "Feature", "properties": { "osm_id": 1289353822, "name": "" }, "geometry": { "type": "Polygon", "coordinates": [ [ [ -72.5716979, 44.2562945 ], [ -72.5717846, 44.2563299 ], [ -72.5717078, 44.256415 ], [ -72.5715301, 44.2563317 ], [ -72.5715871, 44.2562689 ], [ -72.5716788, 44.2563117 ], [ -72.5716979, 44.2562945 ] ] ] } },
{ "type": "Feature", "properties": { "osm_id": 1289353823, "name": "" }, "geometry": { "type": "Polygon", "coordinates": [ [ [ -72.5719896, 44.2561127 ], [ -72.5719112, 44.2561657 ], [ -72.571873, 44.2561367 ], [ -72.5718512, 44.2561515 ], [ -72.5718097, 44.25612 ], [ -72.5718315, 44.2561052 ], [ -72.5718189, 44.2560957 ], [ -72.5718972, 44.2560426 ], [ -72.5719896, 44.2561127 ] ] ] } },
{ "type": "Feature", "properties": { "osm_id": 1289353824, "name": "" }, "geometry": { "type": "Polygon", "coordinates": [ [ [ -72.5725736, 44.2561343 ], [ -72.5724322, 44.2560279 ], [ -72.5725071, 44.2559768 ], [ -72.5726485, 44.2560832 ], [ -72.5725736, 44.2561343 ] ] ] } },
{ "type": "Feature", "properties": { "osm_id": 1289353825, "name": "" }, "geometry": { "type": "Polygon", "coordinates": [ [ [ -72.5723979, 44.2560203 ], [ -72.572304, 44.2559445 ], [ -72.5723481, 44.2559164 ], [ -72.5723787, 44.2559411 ], [ -72.5724775, 44.2558782 ], [ -72.5725409, 44.2559293 ], [ -72.5723979, 44.2560203 ] ] ] } },
{ "type": "Feature", "properties": { "osm_id": 1289353826, "name": "" }, "geometry": { "type": "Polygon", "coordinates": [ [ [ -72.5723501, 44.2557433 ], [ -72.5724557, 44.2556714 ], [ -72.572575, 44.2557614 ], [ -72.5724368, 44.2558554 ], [ -72.5723762, 44.2558096 ], [ -72.5724087, 44.2557875 ], [ -72.5723501, 44.2557433 ] ] ] } },
{ "type": "Feature", "properties": { "osm_id": 1289353827, "name": "" }, "geometry": { "type": "Polygon", "coordinates": [ [ [ -72.5718463, 44.2562048 ], [ -72.5717886, 44.2562519 ], [ -72.5717731, 44.2562422 ], [ -72.5717112, 44.2562928 ], [ -72.5716473, 44.2562527 ], [ -72.5716356, 44.2562622 ], [ -72.5715619, 44.2562159 ], [ -72.5716932, 44.2561087 ], [ -72.5718463, 44.2562048 ] ] ] } },
{ "type": "Feature", "properties": { "osm_id": 1289353828, "name": "" }, "geometry": { "type": "Polygon", "coordinates": [ [ [ -72.5724252, 44.2556444 ], [ -72.5723467, 44.2556938 ], [ -72.5722896, 44.2556473 ], [ -72.5722664, 44.2556619 ], [ -72.5722058, 44.2556125 ], [ -72.5723012, 44.2555525 ], [ -72.5723447, 44.2555879 ], [ -72.572351, 44.2555839 ], [ -72.5724252, 44.2556444 ] ] ] } },
{ "type": "Feature", "properties": { "osm_id": 1289353843, "name": "" }, "geometry": { "type": "Polygon", "coordinates": [ [ [ -72.570427, 44.2554543 ], [ -72.5703887, 44.2555188 ], [ -72.5703469, 44.2555064 ], [ -72.5703847, 44.255442 ], [ -72.570427, 44.2554543 ] ] ] } },
{ "type": "Feature", "properties": { "osm_id": 1289353844, "name": "" }, "geometry": { "type": "Polygon", "coordinates": [ [ [ -72.570808, 44.2555788 ], [ -72.570861, 44.2555138 ], [ -72.57104, 44.2555888 ], [ -72.570987, 44.2556538 ], [ -72.570808, 44.2555788 ] ] ] } },
{ "type": "Feature", "properties": { "osm_id": 1289353845, "name": "" }, "geometry": { "type": "Polygon", "coordinates": [ [ [ -72.5707574, 44.255617 ], [ -72.5707971, 44.2555755 ], [ -72.5707574, 44.255553 ], [ -72.5707178, 44.2555981 ], [ -72.5707574, 44.255617 ] ] ] } },
{ "type": "Feature", "properties": { "osm_id": 1289353846, "name": "" }, "geometry": { "type": "Polygon", "coordinates": [ [ [ -72.570966, 44.2556963 ], [ -72.5709837, 44.2556736 ], [ -72.5709376, 44.2556553 ], [ -72.57092, 44.255678 ], [ -72.570966, 44.2556963 ] ] ] } },
{ "type": "Feature", "properties": { "osm_id": 1289353847, "name": "" }, "geometry": { "type": "Polygon", "coordinates": [ [ [ -72.571599, 44.2558253 ], [ -72.571533, 44.2558833 ], [ -72.571425, 44.2558213 ], [ -72.57149, 44.2557634 ], [ -72.571599, 44.2558253 ] ] ] } },
{ "type": "Feature", "properties": { "osm_id": 1289353848, "name": "" }, "geometry": { "type": "Polygon", "coordinates": [ [ [ -72.571261, 44.2560054 ], [ -72.5713469, 44.2560354 ], [ -72.57132, 44.2560744 ], [ -72.5713689, 44.2560914 ], [ -72.5713169, 44.2561674 ], [ -72.5711819, 44.2561184 ], [ -72.571261, 44.2560054 ] ] ] } },
{ "type": "Feature", "properties": { "osm_id": 1289353849, "name": "" }, "geometry": { "type": "Polygon", "coordinates": [ [ [ -72.5707657, 44.2559014 ], [ -72.5708479, 44.2559336 ], [ -72.5707619, 44.2560461 ], [ -72.5706805, 44.256015 ], [ -72.5707657, 44.2559014 ] ] ] } },
{ "type": "Feature", "properties": { "osm_id": 1289353850, "name": "" }, "geometry": { "type": "Polygon", "coordinates": [ [ [ -72.5706525, 44.2558519 ], [ -72.5706983, 44.2558691 ], [ -72.570603, 44.2559967 ], [ -72.5705192, 44.2559644 ], [ -72.5705989, 44.2558602 ], [ -72.5705265, 44.2558323 ], [ -72.5705722, 44.2557711 ], [ -72.5706446, 44.2557993 ], [ -72.5706259, 44.2558259 ], [ -72.5706638, 44.2558403 ], [ -72.5706525, 44.2558519 ] ] ] } },
{ "type": "Feature", "properties": { "osm_id": 1289353851, "name": "" }, "geometry": { "type": "Polygon", "coordinates": [ [ [ -72.5703692, 44.2557546 ], [ -72.5704455, 44.2557824 ], [ -72.5704342, 44.2557971 ], [ -72.5704455, 44.2558026 ], [ -72.5703772, 44.2558958 ], [ -72.5702816, 44.2558593 ], [ -72.57035, 44.2557628 ], [ -72.5703618, 44.2557669 ], [ -72.5703692, 44.2557546 ] ] ] } },
{ "type": "Feature", "properties": { "osm_id": 1289353852, "name": "" }, "geometry": { "type": "Polygon", "coordinates": [ [ [ -72.5702895, 44.2556665 ], [ -72.5703659, 44.2556952 ], [ -72.5703166, 44.2557574 ], [ -72.5702438, 44.2557287 ], [ -72.5702895, 44.2556665 ] ] ] } },
{ "type": "Feature", "properties": { "osm_id": 1289353853, "name": "" }, "geometry": { "type": "Polygon", "coordinates": [ [ [ -72.5702172, 44.255726 ], [ -72.570141, 44.2558325 ], [ -72.5700189, 44.2557873 ], [ -72.5700951, 44.2556808 ], [ -72.5702172, 44.255726 ] ] ] } },
{ "type": "Feature", "properties": { "osm_id": 1289353854, "name": "" }, "geometry": { "type": "Polygon", "coordinates": [ [ [ -72.5701396, 44.2556898 ], [ -72.570158, 44.2556658 ], [ -72.5702082, 44.2556855 ], [ -72.5701898, 44.2557095 ], [ -72.5701396, 44.2556898 ] ] ] } }
]
}
